,All,All,All,All,All,DNA metabolism protein,DNA metabolism protein,DNA metabolism protein,DNA metabolism protein,DNA metabolism protein,RNA metabolism protein,RNA metabolism protein,RNA metabolism protein,RNA metabolism protein,RNA metabolism protein,cell adhesion molecule,cell adhesion molecule,cell adhesion molecule,cell adhesion molecule,cell adhesion molecule,chromatin/chromatin-binding/ or -regulatory protein,chromatin/chromatin-binding/ or -regulatory protein,chromatin/chromatin-binding/ or -regulatory protein,chromatin/chromatin-binding/ or -regulatory protein,chromatin/chromatin-binding/ or -regulatory protein,cytoskeletal protein,cytoskeletal protein,cytoskeletal protein,cytoskeletal protein,cytoskeletal protein,defense/immunity protein,defense/immunity protein,defense/immunity protein,defense/immunity protein,defense/immunity protein,extracellular matrix protein,extracellular matrix protein,extracellular matrix protein,extracellular matrix protein,extracellular matrix protein,gene-specific transcriptional regulator,gene-specific transcriptional regulator,gene-specific transcriptional regulator,gene-specific transcriptional regulator,gene-specific transcriptional regulator,intercellular signal molecule,intercellular signal molecule,intercellular signal molecule,intercellular signal molecule,intercellular signal molecule,membrane traffic protein,membrane traffic protein,membrane traffic protein,membrane traffic protein,membrane traffic protein,metabolite interconversion enzyme,metabolite interconversion enzyme,metabolite interconversion enzyme,metabolite interconversion enzyme,metabolite interconversion enzyme,protein-binding activity modulator,protein-binding activity modulator,protein-binding activity modulator,protein-binding activity modulator,protein-binding activity modulator,protein modifying enzyme,protein modifying enzyme,protein modifying enzyme,protein modifying enzyme,protein modifying enzyme,scaffold/adaptor protein,scaffold/adaptor protein,scaffold/adaptor protein,scaffold/adaptor protein,scaffold/adaptor protein,structural protein,structural protein,structural protein,structural protein,structural protein,transfer/carrier protein,transfer/carrier protein,transfer/carrier protein,transfer/carrier protein,transfer/carrier protein,translational protein,translational protein,translational protein,translational protein,translational protein,transmembrane signal receptor,transmembrane signal receptor,transmembrane signal receptor,transmembrane signal receptor,transmembrane signal receptor,transporter,transporter,transporter,transporter,transporter,unclassified,unclassified,unclassified,unclassified,unclassified
,OR,p_value,q_value,n_case_yes,n_ctrl_yes,OR,p_value,q_value,n_case_yes,n_ctrl_yes,OR,p_value,q_value,n_case_yes,n_ctrl_yes,OR,p_value,q_value,n_case_yes,n_ctrl_yes,OR,p_value,q_value,n_case_yes,n_ctrl_yes,OR,p_value,q_value,n_case_yes,n_ctrl_yes,OR,p_value,q_value,n_case_yes,n_ctrl_yes,OR,p_value,q_value,n_case_yes,n_ctrl_yes,OR,p_value,q_value,n_case_yes,n_ctrl_yes,OR,p_value,q_value,n_case_yes,n_ctrl_yes,OR,p_value,q_value,n_case_yes,n_ctrl_yes,OR,p_value,q_value,n_case_yes,n_ctrl_yes,OR,p_value,q_value,n_case_yes,n_ctrl_yes,OR,p_value,q_value,n_case_yes,n_ctrl_yes,OR,p_value,q_value,n_case_yes,n_ctrl_yes,OR,p_value,q_value,n_case_yes,n_ctrl_yes,OR,p_value,q_value,n_case_yes,n_ctrl_yes,OR,p_value,q_value,n_case_yes,n_ctrl_yes,OR,p_value,q_value,n_case_yes,n_ctrl_yes,OR,p_value,q_value,n_case_yes,n_ctrl_yes,OR,p_value,q_value,n_case_yes,n_ctrl_yes
feature,,,,,,,,,,,,,,,,,,,,,,,,,,,,,,,,,,,,,,,,,,,,,,,,,,,,,,,,,,,,,,,,,,,,,,,,,,,,,,,,,,,,,,,,,,,,,,,,,,,,,,,,,
SS:B,2.1125360341218067,4.191969646706985e-40,6.081308079025627e-40,725.0,552.0,1.3383967026351131,0.5185277327409404,0.6513214203941081,10.0,13.0,3.108973658323314,0.004546356068459695,0.008556554805556522,13.0,14.0,1.0495049504950495,0.8514991206571452,0.9891772108016181,10.0,25.0,1.1461772833557713,0.766904029686704,0.8875406186261855,4.0,11.0,1.774182300020922,0.11681087995074654,0.15229772955603663,20.0,13.0,10.835380835380835,2.272949210511958e-08,1.463211054267073e-07,15.0,10.0,0.4759341637010676,0.05302296528822824,0.06913120790743682,13.0,16.0,2.5555510439422116,0.0013571057878205453,0.0019414152242432801,32.0,19.0,1.1178308281756557,0.8376276527469002,0.9586183136992302,11.0,13.0,1.0889894419306183,1.0,1.0,3.0,9.0,1.656136872607017,9.374938066556774e-05,0.00012874914944737968,201.0,83.0,1.0863057770317528,0.8508107823450293,0.9224580061214528,11.0,21.0,2.3472257995754546,3.474392909643704e-08,5.771975317633896e-08,97.0,74.0,3.988910696761531,6.72909431172493e-05,0.0001611852823506204,17.0,20.0,15.85413744740533,1.07511282637105e-06,3.572149068265102e-06,18.0,2.0,1.039344262295082,1.0,1.0,4.0,2.0,0.599883063730267,0.5360417276206617,0.7435403751624357,3.0,7.0,4.175084175084175,7.58544911091926e-11,1.6984809965753996e-10,64.0,27.0,1.384869475143268,0.08545416280158095,0.10355033845368045,81.0,44.0,2.3682482405983047,4.958340549277004e-10,7.401580819935238e-10,98.0,129.0
SS:E,1.9344641113553203,0.0,0.0,13248.0,11922.0,2.3848975220009265,1.0356028256457414e-21,5.925949502306187e-21,311.0,254.0,3.2672853059364515,2.5549696545473012e-30,1.6447617151148252e-29,209.0,239.0,0.8395150078628895,0.020524973168370125,0.03583173281935802,332.0,986.0,6.101659586294517,4.890506434331884e-41,3.35814775157456e-40,155.0,89.0,1.9277440243695083,5.624141621717207e-19,2.145505877914342e-18,505.0,319.0,1.0533735492754575,0.6416537623602919,0.8812045003081342,120.0,808.0,0.38982519800934123,1.5800771771030156e-27,4.398593222746233e-27,250.0,345.0,4.129908806494402,1.2342254549107673e-101,7.477954226812297e-101,750.0,301.0,2.7004993797512644,1.0060542368674197e-31,8.949897516761774e-31,472.0,298.0,1.6592871414299986,0.00024092619612423787,0.0005908428143046787,94.0,196.0,1.8734706996948418,9.839957997650561e-78,4.406589885904382e-77,3481.0,1415.0,2.2760278304870334,2.7986435440107374e-30,1.3102740228777542e-29,456.0,465.0,2.3402273225019723,3.112523422092046e-84,1.5266186308356226e-83,1347.0,1167.0,1.8360549655513685,8.933040444013477e-09,2.7881914113132973e-08,154.0,417.0,3.878442435015586,1.1882376614503774e-34,1.0199039927449074e-33,277.0,171.0,1.7605664252513242,1.6800633988357247e-05,4.80684805777999e-05,267.0,87.0,1.8339358570469453,2.6832737489820494e-06,1.6257482126185357e-05,158.0,134.0,2.108881310272687,1.2822033120827887e-52,6.288901959263202e-52,1055.0,988.0,1.1522978640834665,0.01155333880208861,0.01586658528820169,856.0,563.0,2.5793859292272736,4.6835584016206376e-186,2.5389816598259248e-185,1999.0,2680.0
SS:G,1.3744282851803147,1.7585597302055936e-29,2.415088696149015e-29,2420.0,2842.0,0.9335103860381295,0.7224829886992253,0.8652993934420954,49.0,91.0,1.5194636356882847,0.03884121418155316,0.06061583425302993,38.0,84.0,1.3737124728024952,0.11984726788189248,0.18153336164463124,41.0,79.0,3.10741550254997,4.737417604955002e-08,1.3187946305685547e-07,49.0,51.0,1.7546387080711983,7.70184497224395e-05,0.0001259190527208138,125.0,83.0,1.0290504408151466,0.8870385052571319,1.0,15.0,102.0,0.09418026148328126,9.895497929618756e-13,1.923087333491947e-12,7.0,43.0,2.696956589876195,2.846050733162781e-12,6.514293900350365e-12,132.0,75.0,0.6517509727626459,0.055937589676155364,0.08599360800961198,31.0,62.0,1.165128205128205,0.6464805263007115,0.7927082643925392,16.0,45.0,0.8519302285323599,0.020319758760640905,0.026161689404325165,500.0,397.0,0.9739814441306979,0.9385806395966618,0.9966371740047028,63.0,134.0,1.573675604970569,5.099353545287833e-07,8.206772111947607e-07,243.0,278.0,1.5150926285788315,0.02905980438037751,0.0482767717932078,40.0,124.0,1.1921043697560503,0.5515061830114534,0.7175658996576265,20.0,29.0,2.1458333333333335,0.002988954734416357,0.005497541743658656,72.0,18.0,1.310100536542168,0.39182838218161153,0.6208972825339383,25.0,27.0,1.698879838082514,1.6883901755274951e-06,3.344311309217923e-06,169.0,176.0,1.5522666784464003,4.855208781828905e-08,7.693638531205803e-08,469.0,230.0,1.3832966787543388,3.6401043075390456e-06,4.999076582353623e-06,316.0,714.0
SS:H,1.669380145956096,0.0,0.0,28467.0,31872.0,1.8656871710023517,5.444574518089138e-21,2.803955876815906e-20,638.0,722.0,1.7071926276668152,1.0762319140873285e-13,4.2635341211921096e-13,398.0,886.0,0.9740323649729845,0.8547259394305244,0.9891772108016181,99.0,266.0,3.2496569293400444,1.2904302983884336e-50,9.49388005242919e-50,398.0,491.0,2.0256904533572446,1.0127645368068352e-64,5.215737364555202e-64,2403.0,1882.0,1.1785408774288157,0.20406539646865363,0.368749751513532,88.0,539.0,0.1499651973543474,1.8137375904556777e-47,6.671963279176242e-47,61.0,221.0,4.619325542972987,0.0,0.0,2835.0,1409.0,0.6740921787709497,4.5088898658499055e-05,0.00010800364097268377,196.0,358.0,1.7899749797541489,2.345806775308717e-10,1.098264081167263e-09,295.0,669.0,0.8839337294348726,8.39534018336682e-06,1.2179155477278628e-05,4433.0,3286.0,1.6214043079233627,1.9939551613980492e-19,8.929451374956482e-19,875.0,1301.0,1.4697602725161982,1.83438404171309e-25,5.106528548552656e-25,1739.0,2307.0,1.9805021719099645,2.1804301301993536e-20,1.2476905745029634e-19,394.0,1136.0,1.5807586464119028,0.0002663889438395741,0.0006859515303869033,144.0,169.0,0.672437542736525,0.00018440465440032233,0.000395701654234025,331.0,226.0,1.1460383051292142,0.19282864719790865,0.34844474844534373,241.0,308.0,0.8072527459241841,2.1993853372812987e-08,4.719514369582787e-08,1572.0,3145.0,2.242179181666075,1.0355495443762393e-184,7.618685933625189e-184,7220.0,3586.0,1.6432330883531994,7.09724990062492e-103,2.358118515368925e-102,4107.0,8965.0
SS:I,3.2889122479498334,7.357646490089537e-83,1.3295396289109164e-82,741.0,363.0,1.3046028880866427,0.6504347193503508,0.7881738363892485,9.0,12.0,2.220871327254306,0.2537237070731225,0.3171442442229303,4.0,6.0,0.6554054054054054,1.0,1.0,1.0,4.0,3.157443491816056,0.10146951452596031,0.1412345945428907,4.0,4.0,22.927204817440355,1.3086688821583658e-16,4.348157898784248e-16,59.0,3.0,0.0,0.2404628852615699,0.4197911386769779,0.0,14.0,0.0,0.13699647402874218,0.17208093688976153,0.0,2.0,9.886546184738956,1.0060910358670655e-10,1.992834167198226e-10,39.0,6.0,1.3201520912547529,1.0,1.0,1.0,1.0,4.7212543554006965,0.0017871886710064525,0.003916604959865204,10.0,7.0,1.3417837915750026,0.061522781124080314,0.07455113477388556,124.0,63.0,1.2203908409001185,0.681348702368207,0.7628143080861448,10.0,17.0,4.914817232375979,8.366247606382718e-11,1.6258934027498488e-10,55.0,20.0,3.876495311994827,0.03141233934812499,0.05135668179137896,5.0,6.0,0.0,0.534867323599718,0.7154718744255968,0.0,2.0,8.410596026490067,0.010098695771722604,0.017933890767024625,16.0,1.0,1.4057377049180328,0.7255889000242497,0.9460209709176927,4.0,4.0,0.9714319640699323,1.0,1.0,34.0,61.0,3.2248101335994233,3.1056541764380063e-19,7.108497337180325e-19,254.0,60.0,5.0017467989485285,1.8937416694998922e-26,3.8246155285978217e-26,112.0,70.0
SS:P,0.9748486497710402,0.25415182677421266,0.2591845362152862,3413.0,5598.0,0.6022204077929736,0.006760120381444927,0.01313759243941184,38.0,108.0,0.783029112604213,0.16942412147866603,0.23582006097706218,43.0,181.0,1.1070750647109577,0.5297585476356532,0.6654284195911254,63.0,150.0,0.9287405303030303,0.7850987592867189,0.8985019134059116,39.0,132.0,0.4065481626192651,3.063023920095421e-11,7.88728659424571e-11,69.0,191.0,1.1433151231639898,0.5611090888478545,0.8324371244579716,25.0,154.0,3.1347629292064743,9.443883837176634e-70,4.053000146788306e-69,1309.0,311.0,1.0193528948222315,0.820795964682921,0.9090535952939878,309.0,459.0,1.1161363636363637,0.48997352722992227,0.6230527568479259,84.0,100.0,0.8610341989074309,0.6386732060337188,0.7925703641141331,22.0,83.0,0.40218344870572836,1.049350087071605e-35,3.178913499069862e-35,300.0,493.0,0.3126445693819487,1.3391677313788411e-14,4.756354356276574e-14,41.0,262.0,0.611562486877584,6.110125814184202e-09,1.066682981120293e-08,184.0,524.0,0.7295791956551901,0.11482221197990156,0.16425955324902583,32.0,201.0,0.45989040909400314,0.0008501118436730979,0.0019458115532962018,23.0,83.0,0.8480325644504749,0.6951358389100561,0.8423410753851268,18.0,11.0,0.31829787234042556,0.00034297683033103737,0.0011775537841365615,11.0,47.0,1.0354220362403348,0.7590733706925342,0.8591709580366047,159.0,268.0,0.4392458463468074,6.530606367648674e-19,1.4622879475387249e-18,183.0,307.0,0.9302956419792184,0.19191490975344888,0.20378593509902304,461.0,1533.0
SS:C,0.35104476311319943,0.0,0.0,17828.0,57470.0,0.2935132518113121,9.64617789952892e-72,1.2419454045643483e-70,326.0,1313.0,0.31452959156471527,7.047537934885951e-70,1.0369948675617898e-68,378.0,2461.0,0.7238698227789453,1.2656928890610233e-05,2.8970303905174533e-05,330.0,1084.0,0.16934404283801874,5.363678752126694e-156,7.892270163843563e-155,414.0,2988.0,0.22557597576619903,4.706984905854929e-205,6.060243066288221e-204,611.0,2116.0,0.5576280323450135,7.5369817994780245e-06,3.234621355609319e-05,72.0,795.0,1.5704314301593039,6.85837382781236e-19,1.4716927172180692e-18,2504.0,1194.0,0.16079192123718872,0.0,0.0,1625.0,6641.0,0.5628460467356945,2.546200776793356e-12,1.0490347200388627e-11,299.0,596.0,0.38980006248047483,4.728403893413827e-21,4.4275054638329466e-20,138.0,873.0,0.7361024703163445,1.586163437577447e-24,4.084370851761926e-24,3195.0,2746.0,0.3636436673805056,1.688334498926553e-75,1.7389845338943496e-74,515.0,2133.0,0.35079433479847166,9.625765134639792e-200,9.013216444253623e-199,1372.0,4920.0,0.31433156033637416,7.486069350970354e-54,9.638314289374332e-53,233.0,2305.0,0.2350435926594867,6.935581598407682e-43,7.143649046359913e-42,127.0,594.0,0.5836441402908469,4.123690956810886e-06,1.2870914198530946e-05,222.0,175.0,0.655735949853597,9.975392196592845e-05,0.00042811058177044296,175.0,333.0,0.6223136835664762,3.4920123731747136e-28,1.1239914826156108e-27,946.0,2363.0,0.24400932537184583,0.0,0.0,1464.0,3290.0,0.3165821038956151,0.0,0.0,2882.0,18550.0
SS:S,1.3117634538879253,6.6845154667148565e-49,1.0592386047255849e-48,5726.0,7109.0,1.5392734919391415,0.0004401426644932568,0.000985536835713162,136.0,158.0,1.7249378624689313,1.0410798900695954e-05,2.8218744388728507e-05,113.0,226.0,1.9231276371308017,1.4632030810101567e-10,4.3059976384013187e-10,195.0,288.0,2.320760320760321,8.718263038371795e-10,2.641120861624397e-09,104.0,148.0,1.3921545797294301,0.0005449248902375969,0.0008254009366834188,257.0,216.0,1.3095941132358455,0.14608022783896318,0.27863450865580014,41.0,224.0,0.17982289996757408,1.2092773658863455e-30,3.4598769079526e-30,51.0,158.0,1.2291994165384608,0.007608280073143157,0.010448704633783269,326.0,405.0,1.3449174247107658,0.0234455513403862,0.03894986754935127,133.0,134.0,1.2140593488908096,0.291440766147806,0.43915953078576053,43.0,117.0,1.2374191731164887,5.14498625505862e-06,7.680196873493303e-06,1371.0,767.0,1.2695075822702109,0.02377175007184356,0.033540962430135435,157.0,260.0,1.3410163881941173,1.515702681428881e-06,2.295843767458452e-06,517.0,699.0,1.6792430047602462,0.0002059861901767449,0.0004612299475696679,79.0,225.0,0.6804082180743923,0.025090971766879338,0.04455810503428572,54.0,132.0,1.997560231777981,0.00022552364759863058,0.000464578714053179,131.0,36.0,1.1461309863984455,0.4763790470116894,0.7009577406029145,63.0,78.0,1.0815982809187792,0.2940817337641032,0.36060022116312657,313.0,507.0,1.1587204362687953,0.016188622995025694,0.021939844322205877,724.0,473.0,1.577439351702761,2.2629211650255287e-26,4.4823246153390284e-26,918.0,1858.0
SS:T,1.180034009197559,1.4590260115886018e-23,1.902274420172481e-23,6937.0,9537.0,1.168748437251381,0.15144642297159255,0.22939678773638283,154.0,232.0,1.4497357517093383,0.001112796775504409,0.002339144242386819,124.0,293.0,1.2579950452833353,0.029710629791054613,0.05052364269732661,151.0,323.0,2.8543820306660104,2.4933836940223896e-15,8.85581105118297e-15,120.0,141.0,1.641056233797847,1.1540141381803293e-09,2.47632200484529e-09,383.0,278.0,1.0648446248600223,0.7327416796988482,0.9434049126122671,46.0,304.0,0.09238103969927569,2.0666122293774616e-53,8.18696383176456e-53,33.0,195.0,1.331195233669676,1.4672057031731383e-05,2.2223851092181357e-05,465.0,538.0,0.6474234485970427,0.001405240101816539,0.0028947946097420706,89.0,175.0,0.8230401844532279,0.2829185371591024,0.4349344675729485,45.0,176.0,0.9944578663287431,0.9010907594795871,0.9189341408554205,1606.0,1098.0,1.5516891891891893,3.260147688240101e-07,6.852963507933273e-07,266.0,370.0,1.1508355401567372,0.009614806581678117,0.012379063473910577,629.0,983.0,1.0356508066721357,0.7972462363830242,0.9124040260827943,82.0,368.0,1.5951417004048583,0.009038357883663492,0.01790290119264115,68.0,76.0,1.0677191328934967,0.7169425022389075,0.8487939969035342,163.0,80.0,0.8131269349845202,0.26206201684513336,0.4424981595909629,56.0,95.0,1.0282019455589875,0.6733212093911558,0.7705787174143227,416.0,707.0,1.1710252501840155,0.0023506991496149406,0.0033628057279213733,1029.0,668.0,1.3151763370188645,4.543150274965865e-12,7.427690132087048e-12,1012.0,2437.0
RSA:Core,6.752889714375429,0.0,0.0,27416.0,9202.0,7.559470345466425,5.599741945454359e-150,1.4419335509544975e-148,688.0,246.0,6.310947859634532,2.017818887671931e-102,5.195883635755222e-101,399.0,282.0,6.929835968217562,2.4568263981663393e-113,2.5305311901113294e-111,459.0,256.0,16.736559139784948,9.288545836272427e-154,1.195900276420075e-152,363.0,93.0,5.059505002632965,2.3569247293765162e-144,2.4276324712578117e-143,1056.0,297.0,5.208173486786019,1.9319821624142748e-38,1.989941627286703e-36,146.0,272.0,0.7787123794791172,0.01627108147235718,0.02234561855537053,241.0,179.0,23.949389459628406,0.0,0.0,1504.0,122.0,5.736521040327294,1.9090718530121498e-63,4.915860021506286e-62,388.0,118.0,5.713194133452754,1.5967021113880775e-48,4.1115079368242997e-47,202.0,154.0,5.428926280978457,0.0,0.0,7349.0,1520.0,6.832401712407987,3.645480018249231e-209,9.38711104699177e-208,953.0,438.0,7.433442791986572,0.0,0.0,2528.0,934.0,6.603116816759277,3.794790648937032e-94,9.771585921012857e-93,322.0,307.0,9.119144602851323,2.1255251050918283e-60,2.736613572805729e-59,240.0,64.0,4.543666169895678,2.743126111522419e-24,2.0845885559530285e-23,309.0,44.0,4.966803545291917,3.845809083361065e-39,1.9805916779309485e-37,263.0,104.0,5.317377102919573,4.788242333671328e-296,4.931889603681468e-294,1769.0,833.0,5.970579574241676,0.0,0.0,4378.0,783.0,7.73705299352471,0.0,0.0,3859.0,2156.0
RSA:Buried,2.7245759575327186,0.0,0.0,20906.0,14735.0,2.6373872680216586,3.039282139684679e-36,2.8458732762501994e-35,473.0,378.0,3.1788771876657322,1.7685031668758872e-41,1.40119866298628e-40,315.0,394.0,2.732717117832889,9.047896626832589e-39,5.824583453523479e-38,433.0,536.0,7.286493565529856,1.3897972957793094e-98,1.4314912146526887e-97,349.0,197.0,2.7254475571805914,9.901815020465242e-65,5.215737364555202e-64,955.0,467.0,1.572652368835575,0.00030147146862229704,0.0009703612896280186,107.0,524.0,0.4660990640072777,6.932004076047425e-14,1.3730700381401632e-13,191.0,229.0,7.457465794170137,0.0,0.0,1716.0,451.0,2.3024821910534934,4.445221060468488e-19,2.409777732780286e-18,346.0,233.0,3.4170167777522407,2.0116932739624934e-27,2.960062960259097e-26,191.0,229.0,1.710295611561314,4.702131331118735e-69,1.7937760263156656e-68,4259.0,1917.0,2.302949419458161,1.710887344688802e-39,9.274810342260348e-39,616.0,649.0,2.8320216415669366,6.80949353406275e-151,5.395214107757409e-150,1812.0,1401.0,2.903209242618742,3.007212873164577e-32,3.0974292593595147e-31,257.0,490.0,4.136849569106578,2.615424544914415e-28,2.0722209855860365e-27,197.0,103.0,2.4851878100637848,1.725495141146475e-14,8.463142835146997e-14,394.0,102.0,2.2154824004887446,1.1221687345450495e-11,9.631948304845009e-11,217.0,164.0,2.0354164884750903,1.7483668050192065e-61,1.0004543384276571e-60,1438.0,1457.0,2.683777706455361,3.922336874852418e-185,3.107697677767685e-184,3827.0,1331.0,2.971610616028402,2.67004557e-316,1.833431293e-315,2813.0,3483.0
RSA:Medium-buried,0.8170569055511515,1.6421654675965575e-71,2.866831240041448e-71,14784.0,27806.0,0.7062766563558902,1.3315831104994505e-05,4.033913540630688e-05,268.0,618.0,0.841370716793732,0.04285216972043782,0.06587721613738949,206.0,791.0,0.41410805382205546,8.448640292831059e-26,4.351049750807995e-25,185.0,965.0,1.3762924182735503,0.00027114691162642896,0.0005077842163185852,227.0,546.0,1.261497344553964,5.123398603770666e-07,9.956793512988275e-07,1304.0,1267.0,0.5596775480884348,2.3794040471489596e-06,1.1670410326492517e-05,87.0,935.0,0.2735738162001172,2.018514132062511e-59,8.316278224097546e-59,258.0,477.0,2.0794873161941116,5.064783522184432e-71,2.37123955811362e-70,1603.0,1337.0,0.6791815007531151,1.6381533429925866e-05,4.017376055434201e-05,244.0,436.0,0.7841314849821466,0.025368029158586426,0.04750740006062549,137.0,540.0,0.4168806609961837,9.279180978662121e-166,8.688687643656349e-165,2105.0,2878.0,0.8103680989634522,0.0007774460268515824,0.0012915635607373063,448.0,1098.0,0.725792751222571,3.340281131998489e-15,7.320190565869028e-15,1041.0,2393.0,0.9977190380079274,1.0,1.0,216.0,1003.0,1.2851075009852433,0.02635451366944013,0.04600872725342938,174.0,246.0,0.9484447004608295,0.6296677941350401,0.7720926523322517,356.0,192.0,0.7169477234401349,0.004815610510949953,0.013777996739662365,143.0,260.0,0.5975323850521742,1.023547863150496e-31,3.765193925160753e-31,879.0,2279.0,0.8237590305659253,3.123583736232033e-09,5.362152080531656e-09,2626.0,2289.0,0.9673721308073796,0.21630410050773954,0.22734002400303235,2277.0,7256.0
RSA:Medium-exposed,0.30888136249769366,0.0,0.0,11853.0,46061.0,0.17875831091711922,1.0810788318912985e-97,1.8558519947467291e-96,151.0,1037.0,0.32489907133391815,5.523693906920479e-53,4.741170603440079e-52,229.0,1723.0,0.211115520457161,2.2407391519340557e-55,2.5644014738800862e-54,92.0,892.0,0.21354936890496534,2.845857618812853e-100,3.2569259415302654e-99,224.0,2014.0,0.4385477754923176,7.323583405678515e-72,4.714556817405544e-71,927.0,1919.0,0.39759647935003384,1.3296324266701137e-11,1.0534779995924747e-10,58.0,844.0,6.455491870394198,4.590179652730707e-269,9.455770084625257e-268,3066.0,721.0,0.24627331430259045,0.0,0.0,1135.0,4547.0,0.4039447731755424,1.285595674791742e-25,9.458311035967816e-25,224.0,585.0,0.2730744449515423,2.61652767128609e-31,5.390047002849346e-30,87.0,772.0,0.179402732455005,0.0,0.0,909.0,2707.0,0.2018050408165778,1.2891945938477039e-126,1.896957759518764e-125,225.0,1685.0,0.16046954393750226,0.0,0.0,497.0,3869.0,0.2689301908295143,7.373938733086351e-56,1.085022413582706e-54,151.0,1864.0,0.18288537288735138,3.1521470957243294e-48,3.6074572317733995e-47,82.0,514.0,0.2516399612861598,1.0661369928657493e-28,9.982919115015652e-28,130.0,204.0,0.21533451381207602,1.5812311054349516e-30,5.428893461993334e-29,63.0,313.0,0.26946948340467985,1.2634868948309762e-156,1.859130716679865e-155,480.0,2435.0,0.20444454429566614,0.0,0.0,1108.0,3012.0,0.3187097786846649,0.0,0.0,2015.0,14404.0
RSA:Exposed,0.20133291435166414,0.0,0.0,4546.0,29461.0,0.21035073839662446,2.9885505774253853e-53,3.420230105275719e-52,91.0,624.0,0.3956266318537859,2.986613403817365e-29,1.809536356430521e-28,171.0,1200.0,0.21600734809927935,8.082986419723743e-35,4.897338830773797e-34,53.0,556.0,0.25217369587167254,1.201648293723896e-54,9.520751865658562e-54,124.0,1205.0,0.1537109153387723,4.0218885297215345e-160,4.602827984014645e-159,190.0,1151.0,0.414070351758794,8.215652666210536e-06,3.305418356429227e-05,24.0,375.0,0.22960063291982732,3.335842925933615e-122,2.021128361006837e-121,472.0,879.0,0.17711510016523202,0.0,0.0,555.0,3396.0,0.3565017208761653,1.977914885732203e-21,1.131806851280094e-20,114.0,365.0,0.2804396272285251,4.423996779695064e-20,3.797263902571597e-19,49.0,480.0,0.2740739846752543,6.733893430718413e-154,5.779925194699972e-153,589.0,1326.0,0.24004838184440275,2.3195408957261905e-72,1.990939268831647e-71,152.0,1093.0,0.18782507476585306,1.1285174347743768e-213,1.2915255086862313e-212,305.0,2375.0,0.3063123985182268,4.727008397243953e-31,4.0573488743010596e-30,90.0,1138.0,0.15356848589476987,3.481688670157317e-36,3.260126663874579e-35,38.0,331.0,0.169729613657105,1.5783216605060262e-20,1.0160445689507544e-19,35.0,94.0,0.3192571671525753,2.2750640851788287e-13,2.3433160077341935e-12,50.0,192.0,0.20072644827930258,1.4466922214134855e-108,1.2417441567132419e-107,162.0,1238.0,0.11726808582238413,0.0,0.0,341.0,1806.0,0.24312268093562084,0.0,0.0,941.0,9637.0
pLDDT:Very low,0.1639099942460459,0.0,0.0,8229.0,52595.0,0.08976468677825367,1.019960655391571e-173,5.25279737526659e-172,104.0,1234.0,0.14816560752069188,5.60306108946358e-151,5.771152922147488e-149,192.0,2347.0,0.19022085122310034,3.6355973965506916e-52,3.404241198588375e-51,69.0,767.0,0.0574038645725032,0.0,0.0,181.0,3002.0,0.054089072894626805,0.0,0.0,160.0,2087.0,0.36622653862941945,5.2659019271569614e-08,3.013266102762039e-07,27.0,464.0,3.911923672854702,5.673165960477917e-143,3.895573959528169e-142,3282.0,1168.0,0.05641938654075736,0.0,0.0,645.0,6511.0,0.3079357429718875,4.1852533300243276e-29,3.3160084076346595e-28,116.0,415.0,0.12493311931514178,8.18634081223568e-58,8.43193103660275e-56,43.0,774.0,0.17299998683387943,7.32719624237e-313,1.078144589948e-311,535.0,1801.0,0.11421777697523279,1.0352323792036817e-215,3.5542978352659742e-214,167.0,1967.0,0.09988735165422256,0.0,0.0,392.0,4432.0,0.12782813819157302,1.8525791383464202e-118,1.9081565124968128e-116,99.0,2173.0,0.061885901439561276,4.1428871827880776e-101,1.4223912660905734e-99,40.0,608.0,0.09338446788111218,1.2006369346051854e-43,1.766651489490487e-42,34.0,149.0,0.168099173553719,4.443766023554749e-29,1.1442697510653479e-27,36.0,242.0,0.18022717014922127,2.527638677523179e-173,5.206935675697749e-172,233.0,1841.0,0.06316805313624302,0.0,0.0,405.0,3233.0,0.15838643431760732,0.0,0.0,1469.0,17380.0
pLDDT:Low,0.5510794800300389,1.059541236970832e-266,2.5983987478094218e-266,4677.0,12964.0,0.876844328502878,0.3082602865690932,0.42390928748089296,109.0,214.0,1.1300919898224027,0.2555628375777011,0.3171442442229303,133.0,396.0,0.2685811343110501,1.5214790660451832e-14,5.403873924229444e-14,29.0,266.0,1.1252321909538405,0.32758754462345074,0.41656193945944975,103.0,291.0,0.6420305107093071,6.903495133823645e-10,1.5128936144336923e-09,330.0,568.0,1.091399166870865,0.5657339680782331,0.8324371244579716,51.0,330.0,0.8058080841168677,0.004596249646805873,0.0064851193646713,489.0,347.0,0.4165512189027206,7.113877058422333e-49,2.9309173480700015e-48,349.0,1179.0,0.5779785809906292,1.5421264717823767e-07,4.1799743840417054e-07,154.0,324.0,0.5098586422374568,3.3629326358597535e-05,9.115317407725122e-05,44.0,265.0,0.27907308850867807,2.2619048492772672e-71,8.960623056752251e-71,260.0,607.0,0.39840088494716513,1.0191666038645996e-15,3.749077149930491e-15,81.0,401.0,0.7274458490768142,1.3766984670064247e-06,2.148483971237299e-06,341.0,815.0,0.7049972938841782,0.00731657499499608,0.012993228008355107,72.0,460.0,0.34509698275862066,2.8033094851553503e-09,1.1105418345038504e-08,35.0,160.0,0.49735915492957744,7.38877789424077e-05,0.00017698700537367425,72.0,71.0,0.4526580899870669,0.00030599082034077883,0.0010867949825896627,28.0,83.0,0.5882613527478923,1.2339051866682366e-14,3.099810590898253e-14,290.0,824.0,0.5554577988526441,1.4154068772226743e-32,3.9401867122685257e-32,787.0,1012.0,0.6272149596611497,1.854641739878523e-37,4.245068871277508e-37,920.0,4351.0
pLDDT:High,1.1901356107991965,5.981941732621525e-58,1.0100655712459296e-57,18949.0,26495.0,1.2667973488130306,0.0007335943610479371,0.0016076642380412236,477.0,696.0,2.114911237845816,1.9565744690052784e-24,1.1195953905974648e-23,406.0,762.0,0.6965164425281456,4.24400842218515e-06,1.0165880639187685e-05,267.0,918.0,4.434726776190191,1.5402198003066667e-77,1.442205813014424e-76,426.0,407.0,1.4952763380660947,7.28449405015806e-19,2.5872513350561388e-18,1475.0,1276.0,4.040693424857787,1.5981421873303693e-37,8.230432264751402e-36,218.0,617.0,0.09413218706921724,5.663336808096593e-153,4.487105317184224e-152,116.0,573.0,1.28557916418947,8.00676021749555e-09,1.4726719685750742e-08,1159.0,1420.0,0.6517651025860504,2.3595126501617523e-06,5.927556169918548e-06,230.0,426.0,2.333348246241947,2.329714287922412e-19,1.845850551200065e-18,285.0,528.0,0.588553211569466,1.513563429224884e-39,4.724152521520092e-39,1339.0,1458.0,1.1854291164808095,0.003776983605790517,0.005721019285241518,601.0,1094.0,1.1060682063368814,0.010632509490944811,0.01352035157490513,1314.0,2152.0,1.1727863247863248,0.048505525043337036,0.07456819521587633,256.0,1050.0,1.212413494241704,0.07985340144510664,0.12851406795071849,189.0,281.0,2.207792207792208,2.2193929457942074e-12,9.939020583339277e-12,432.0,126.0,1.0823004180364464,0.517665879309534,0.7304052817655069,163.0,215.0,0.8833445843711446,0.0021121511786871758,0.003346947252381217,1328.0,2527.0,1.9325416719164108,2.8886680825073446e-113,1.5659621710434554e-112,5266.0,2580.0,1.3483481392290957,1.0327768925158583e-32,2.2633195729602852e-32,3002.0,7389.0
pLDDT:Very high,3.910655871981331,0.0,0.0,47650.0,35211.0,4.016085238013404,3.7973016166894844e-105,7.822441330380338e-104,981.0,759.0,3.191116572762333,6.925315758693883e-66,8.916344039318373e-65,589.0,885.0,3.652983330056149,2.2184550529379892e-77,4.570017409052258e-76,857.0,1254.0,8.470144812537194,6.736832573379928e-169,1.1564895917635543e-167,577.0,355.0,4.218167069006764,1.0064452496419733e-239,2.073277214262465e-238,2467.0,1170.0,0.39027185079816656,5.896747291611299e-18,6.073649710359638e-17,126.0,1539.0,0.46140237528829225,8.815290050111328e-23,2.21457286624748e-22,341.0,397.0,24.82973146487514,0.0,0.0,4360.0,743.0,3.323916083916084,5.957765373088456e-58,1.022749722380185e-56,816.0,572.0,2.036900466893039,1.3579556067886314e-14,7.770523749957169e-14,294.0,608.0,3.6548245346423966,0.0,0.0,13077.0,6482.0,4.19727248971828,4.05601896231534e-172,8.355399062369601e-171,1545.0,1501.0,4.1841061940562465,0.0,0.0,4136.0,3573.0,4.694194172197073,5.891924786640639e-105,3.034341265119929e-103,609.0,1119.0,8.878552269102508,2.8919863221795217e-102,1.4893729559224536e-100,467.0,209.0,1.521317779771824,2.0384630944160172e-05,5.5253078611802575e-05,686.0,290.0,2.456058832465084,2.358402669336906e-19,3.0364434367712668e-18,509.0,493.0,2.645868693041422,2.653379348786619e-152,3.416225911562772e-151,2877.0,3050.0,2.5679703345774496,2.4526997538888157e-229,2.1052339554212336e-228,5822.0,2396.0,4.501790105841895,0.0,0.0,6514.0,7816.0
AAchange:Aliphatic>Aliphatic,0.3461495104842993,0.0,0.0,6722.0,28580.0,0.33637090448891127,4.4671100422211056e-30,3.2865166739198134e-29,119.0,628.0,0.4191334778257019,8.099699750540301e-21,4.171345371528256e-20,128.0,904.0,0.21863825356178682,9.28493732082723e-49,7.969571200376706e-48,77.0,911.0,0.32763070197328314,2.1721450713705104e-30,1.1186547117558129e-29,103.0,788.0,0.4859684434990141,3.630668070812678e-42,1.6998127786077536e-41,491.0,1559.0,0.6109189444404528,0.001633248647118243,0.004806417447233687,48.0,521.0,0.05807931254934475,1.0610350722276521e-227,1.2142956937716464e-226,81.0,754.0,0.4398747490373704,7.7431200760921085e-59,3.467571164510814e-58,513.0,1648.0,0.29571506216122256,1.5547879825055394e-24,1.0676210813204703e-23,82.0,331.0,0.3399910880448743,9.634560406423044e-16,6.202248261634834e-15,56.0,471.0,0.335903803448549,1.75321746444127e-198,2.257267485468135e-197,1329.0,2319.0,0.2940802752293578,3.7885037406244315e-58,3.0016606560332034e-57,182.0,1000.0,0.34324366900557723,1.6539915151820188e-109,1.002124270963223e-108,496.0,2291.0,0.4396390807838714,4.2379756415513216e-17,2.1825574553989307e-16,111.0,1038.0,0.3805636712409621,1.1078462167409087e-11,5.43372192020541e-11,61.0,251.0,0.3088512241054614,2.191948255962252e-18,1.2325259508945064e-17,82.0,189.0,0.3732376313765701,2.1235025240732375e-13,2.3433160077341935e-12,78.0,249.0,0.2773039008026013,4.0823898323146773e-131,4.204861527284118e-130,392.0,2092.0,0.3452181065059404,8.991583827560291e-175,6.174220894924733e-174,1207.0,2265.0,0.3665271592875579,9.226683251560323e-235,5.590284558298314e-234,1086.0,8371.0
AAchange:Aliphatic>Aromatic,1.4657459952878231,1.9245842195679078e-31,2.6788131704796556e-31,1795.0,2078.0,0.9562725572900813,0.9131240788342085,1.0,31.0,65.0,2.0186506555284836,0.0034661388157746203,0.006865621115861267,31.0,52.0,0.533102766798419,0.04979704992830226,0.08141422448595448,12.0,69.0,2.1925614877024593,0.0001919846955769498,0.00037310233291369487,43.0,56.0,1.7548636363636363,9.043658055363117e-05,0.00014330719687729245,102.0,100.0,1.0866335617843805,0.851527015661165,1.0,9.0,59.0,0.09142360479453439,5.364379864805103e-19,1.1755981405849482e-18,10.0,69.0,1.9371092566953663,1.6084006795750357e-07,2.715824098298831e-07,143.0,116.0,0.7679121725731896,0.39087463616945417,0.5228582795513478,18.0,32.0,1.065817607139537,0.852924094886685,1.0,10.0,31.0,1.5007994023400832,1.3092280658655956e-05,1.8729234831132827e-05,360.0,166.0,1.0612030753540187,0.7689358121739176,0.8516170823001452,42.0,74.0,2.4859994422465177,3.9742207087135635e-15,8.528015270781189e-15,178.0,132.0,2.14288334275802,0.0024626850318692564,0.004785972797783649,27.0,59.0,3.4396094839609486,0.0014117375311378769,0.0030938077810042834,19.0,10.0,0.5272209911361805,0.025152188573687582,0.04047930348577845,21.0,32.0,1.8351803344751159,0.052475221776417905,0.10942439623566676,27.0,21.0,0.9414307903875263,0.6601482713687556,0.7639918196739531,97.0,183.0,1.5075799389875513,8.184280826190098e-06,1.2217114856486669e-05,348.0,179.0,1.5030915402565532,1.0284561646037803e-07,1.4712636799192968e-07,267.0,573.0
AAchange:Aliphatic>Polar/Neutral,0.6895705290426665,8.659144062598062e-101,1.7151766123992315e-100,4776.0,11395.0,0.7843137254901961,0.04674700938418526,0.07893347486182102,100.0,252.0,0.9636763038548752,0.8124684815852381,0.8902580170561651,97.0,336.0,0.5550534511679143,7.061110914516624e-06,1.6529418731709368e-05,66.0,354.0,0.6248385339662283,0.00012282511155691536,0.0002480585586345545,81.0,355.0,0.771848547576703,0.00025473119250594723,0.0003975350428501904,307.0,666.0,0.8914713889524972,0.6738164826548891,0.9131986541243893,25.0,198.0,0.10087257079293475,8.216049780899381e-91,3.846605124693801e-90,62.0,365.0,0.7073085368436305,5.682379684032829e-08,9.920086567040363e-08,374.0,803.0,0.8693851132686085,0.38006029199552616,0.5219494676738559,80.0,125.0,0.7125775162982986,0.06247147507992573,0.10724269888720583,42.0,190.0,0.8167948122632497,7.396058236903763e-05,0.00010435534224672433,915.0,759.0,0.6698273723635068,2.0539154863239082e-05,3.8464235471156824e-05,160.0,434.0,0.7051213480561307,1.5440234623548303e-08,2.6071215839761892e-08,379.0,952.0,0.6607270512854457,0.0024132820180044817,0.004780154766431954,62.0,422.0,0.6410739905718384,0.024068470671165333,0.0436445305208652,39.0,105.0,0.5060675471514207,0.00014621893217164428,0.00032740326116694266,55.0,85.0,1.1087703537338574,0.6265335677401613,0.8441595061128788,51.0,65.0,0.7638513747031097,0.00010329013529343108,0.00017731473225372334,313.0,715.0,0.753599172283665,4.2983718652031675e-08,6.917692220561348e-08,819.0,817.0,0.6900555903327364,3.1841027108106335e-20,5.753729459885882e-20,749.0,3397.0
AAchange:Aliphatic>Positively-Charged,7.444535335885381,0.0,0.0,2887.0,673.0,8.901457725947521,4.387842561279165e-24,2.658516375363259e-23,85.0,20.0,6.177240210843373,3.0880404369081704e-09,1.0260263387146502e-08,29.0,16.0,5.377516471449487,3.541673008355973e-14,1.2159743995355506e-13,54.0,32.0,7.604629042485732,9.155325251672711e-16,3.3678517890081756e-15,50.0,19.0,6.6220210902999845,7.266217089005839e-36,3.118418167365006e-35,166.0,44.0,4.623502514860539,7.306553817648126e-06,3.234621355609319e-05,17.0,27.0,2.126841588326084,0.006317271510187877,0.008792958993910154,53.0,16.0,5.544751359901238,1.048705030007726e-31,3.7247109686481304e-31,171.0,49.0,10.984604935476568,3.6847165059917755e-14,1.7251172732597857e-13,54.0,7.0,9.359320205017534,1.2893502439920026e-11,6.640153756558814e-11,30.0,11.0,8.627872411961928,1.3109479294367372e-72,5.401105469279357e-72,524.0,43.0,14.306493506493506,3.236864902660963e-57,2.222647233160528e-56,180.0,25.0,8.603813978223371,4.194982473790381e-54,1.728332779201637e-53,212.0,46.0,9.789229043115885,3.470888223037845e-15,1.6250067589677185e-14,35.0,17.0,10.98876404494382,6.949290398927842e-08,2.3859230369652256e-07,24.0,4.0,4.177577741407529,4.875550673060373e-05,0.0001255454298313046,40.0,8.0,20.387005649717516,2.5647821828627308e-09,1.7611504322324084e-08,28.0,2.0,5.618929297492659,6.231486631358818e-35,2.4686273962690703e-34,175.0,57.0,8.880691316939934,5.152531725178057e-73,2.2112948653889163e-72,480.0,43.0,8.484298386200987,7.059965878084184e-154,3.029902022677796e-153,480.0,187.0
AAchange:Aliphatic>Negatively-Charged,3.7060222835656638,7.76017607696408e-236,1.816586672562046e-235,1825.0,843.0,4.074829931972789,5.848968560888753e-07,1.8826367555360673e-06,36.0,18.0,5.7425751879699245,2.4887444496262528e-08,7.76789934277285e-08,27.0,16.0,4.278210678210678,4.7764825141985246e-08,1.2614812793908924e-07,34.0,25.0,3.474065297525013,0.0001765614752845371,0.0003497275375828331,22.0,18.0,2.0735521500009786,2.7219695851987642e-05,4.52198173024956e-05,76.0,63.0,0.5735664065019673,0.4710727259082277,0.7464690887468838,3.0,37.0,0.7180851063829787,0.1727865859944836,0.21186926615990254,36.0,32.0,2.855160107068504,2.2703727915626177e-10,4.4122339156782946e-10,100.0,55.0,2.2523255813953487,0.011312130386066165,0.020806239817228837,26.0,16.0,5.599903241412675,4.197962061029338e-05,0.00011086925443231328,15.0,9.0,4.023823365084248,1.3582925483937172e-29,3.587285448321868e-29,340.0,59.0,6.191315685051868,5.542844783076319e-19,2.378804219403587e-18,84.0,26.0,4.169692842131478,2.3833312618256964e-22,6.137077999201169e-22,138.0,61.0,6.255339981867634,2.101796278618484e-11,8.017963581396439e-11,33.0,25.0,4.655913978494624,4.5212951892252494e-05,0.00012935927902505575,23.0,9.0,5.157432981316004,0.0001244083148689296,0.00029122855526135793,31.0,5.0,2.0188902007083827,0.21511282647581143,0.3755359513052301,10.0,7.0,3.5646246458923514,1.7906698085945164e-17,4.729204879108595e-17,126.0,64.0,4.243450692474553,6.990406150765132e-34,2.117681863320025e-33,346.0,64.0,4.448119576665871,1.1862948764345383e-65,2.980204201774572e-65,319.0,234.0
AAchange:Aliphatic>Special,3.38762673198156,0.0,0.0,5465.0,2845.0,3.6354362893193533,5.142003394402219e-21,2.7875071032812033e-20,145.0,85.0,2.4551162022249144,5.491075679236337e-07,1.5710577637815076e-06,60.0,84.0,2.630966952264382,8.550735187647245e-09,2.3803397954801792e-08,71.0,86.0,3.8440521227406474,6.273682680649321e-22,2.5847572644275202e-21,124.0,96.0,4.764958369265069,5.9090902455674036e-64,2.8982680728259174e-63,383.0,146.0,2.477382716049383,0.003819502090497034,0.010352860929505119,17.0,50.0,0.6421247315872792,0.0034413194210997262,0.00499233662497566,91.0,90.0,2.2633991466611008,6.7466333912531295e-22,1.828692734997559e-21,342.0,242.0,3.6318825910931176,1.604268608209089e-10,5.507988888184539e-10,81.0,32.0,5.395967536485061,5.388804774595113e-17,3.700312611888644e-16,65.0,43.0,3.972213334755328,7.099895716458962e-86,3.6564462939763657e-85,1038.0,189.0,5.855465244814357,5.749381259444805e-54,3.483448645428323e-53,263.0,91.0,3.5470916973874247,4.619890759227062e-55,1.9827031175016142e-54,427.0,229.0,3.317078410311493,3.862856873790909e-13,1.5914970320018546e-12,72.0,105.0,3.897876643073812,4.573004509201986e-08,1.7445165349918687e-07,48.0,23.0,4.58957150232318,1.3944412502176911e-08,5.129551741872221e-08,70.0,13.0,2.028441048498355,0.0066956538591072135,0.018639252634811972,38.0,27.0,3.9286134541652142,1.0395616151651103e-45,4.655428102695929e-45,318.0,151.0,4.015911573419916,7.959409604764272e-78,3.7264508604123634e-77,862.0,174.0,3.6020833675575332,4.2190320471369135e-152,1.7382412034204083e-151,950.0,889.0
AAchange:Aromatic>Aliphatic,1.64492811910175,4.6776711209382065e-42,6.98261051386428e-42,1509.0,1557.0,2.1651234868716007,0.003487484253415606,0.007043350551015831,31.0,29.0,2.4325982520113447,0.000624859084689589,0.0013838219383371442,28.0,39.0,0.6146202980837473,0.15159203549034733,0.2199152064155743,11.0,55.0,2.1044228158402967,0.008096775813423256,0.013030748574728053,23.0,31.0,1.6494523557395964,0.0023488088315222694,0.0033601015228721357,75.0,78.0,1.0963405526512322,0.7239210290713788,0.9434049126122671,10.0,65.0,0.4379715004191115,0.0030225304027826933,0.0044474375926659634,22.0,32.0,3.0254349376250755,7.780238130237999e-17,1.9080107795583664e-16,157.0,82.0,0.9128205128205128,0.872505555041466,0.9875612326293516,16.0,24.0,1.32507204610951,0.42620637267369965,0.5853234184718809,10.0,25.0,1.6270105011298683,7.282402173084438e-06,1.071553462610996e-05,280.0,119.0,3.2985046553183484,6.856973673921173e-08,1.535365844378002e-07,54.0,31.0,2.0605189718921175,1.1795563205169434e-08,2.0249050168874194e-08,136.0,121.0,1.2740444444444445,0.46306134542421296,0.5545967276592317,11.0,40.0,3.1509695290858724,0.011951834142894045,0.022797016976260864,14.0,8.0,0.9677695092518102,1.0,1.0,19.0,16.0,3.6968188105117568,0.013761800476975585,0.03543663622821214,13.0,5.0,1.1812020774013288,0.2076349583115027,0.26402963834672566,100.0,151.0,1.516352446757695,0.00012371681011105528,0.00017947649917519288,249.0,127.0,1.6850690336206753,1.2906236282777445e-10,2.0141550562516315e-10,250.0,479.0
AAchange:Aromatic>Aromatic,1.0319580416904521,0.719742893408099,0.719742893408099,202.0,330.0,0.526755607682158,0.27715218800022623,0.39752296270964144,5.0,19.0,0.912649389015711,1.0,1.0,3.0,11.0,0.220024161884627,0.1375379034177288,0.2053102036525517,1.0,14.0,0.6254228467343221,0.7386515736352515,0.8645580918685329,2.0,9.0,1.2041522491349481,0.7008370297491382,0.78463276156697,12.0,17.0,0.9476874003189792,1.0,1.0,4.0,30.0,0.0,8.108079175605342e-05,0.0001284818700134385,0.0,10.0,1.8901546776815925,0.09592801468816367,0.1190431989503718,17.0,14.0,0.0,0.07776738509978763,0.11608754587359603,0.0,5.0,0.8250355618776671,1.0,1.0,1.0,4.0,0.6342321276734908,0.04840271018199781,0.06006601384031054,37.0,40.0,3.7401574803149606,0.19216868480511837,0.2474171816865899,4.0,2.0,1.9984924623115579,0.034401609614771615,0.041201927794435766,22.0,20.0,1.8507936507936509,0.36160501835501885,0.44747444980647344,2.0,5.0,1.779291553133515,0.6223266733974799,0.7817030165846395,2.0,2.0,1.0874403815580287,1.0,1.0,4.0,3.0,1.4040816326530612,1.0,1.0,1.0,1.0,1.0295577781709564,1.0,1.0,11.0,19.0,1.748678776035884,0.03151350143313798,0.040072724044607565,50.0,22.0,0.9266457333351776,0.8205760430649185,0.8205760430649185,24.0,83.0
AAchange:Aromatic>Polar/Neutral,4.9788769979070615,1.2505518727220002e-284,3.220171072259151e-284,1678.0,577.0,2.7345097942831864,0.00037337057359202743,0.0008546037573328628,31.0,23.0,10.183383233532934,7.528793761938726e-09,2.4233304921240277e-08,21.0,7.0,2.218607015760041,0.02992176897608663,0.05052364269732661,15.0,21.0,4.372325898953118,3.108219434289562e-05,7.114368927373887e-05,20.0,13.0,3.5981438767253975,2.9101967785839643e-10,6.970936469631356e-10,71.0,34.0,1.3892235609103079,0.4796420208740254,0.7485322446973427,7.0,36.0,0.9591950810508664,0.8728461854317898,0.9667006139728425,24.0,16.0,6.28705776981639,3.234932995931649e-28,1.0412440580654996e-27,139.0,35.0,4.019810508182601,0.00018703035605133282,0.000409875035601857,26.0,9.0,2.996546762589928,0.024281382148388427,0.04631448817192607,9.0,10.0,6.410770885017324,6.301328903881101e-42,2.0936673454830757e-41,348.0,38.0,4.873819388224836,7.203173234163501e-12,2.182137773878943e-11,59.0,23.0,10.341512634534395,1.6875350199155684e-49,6.685234886588598e-49,178.0,32.0,3.737142857142857,0.00018438367104077016,0.0004220337359377628,16.0,20.0,4.207756232686981,0.003550207281634665,0.00731342700016741,14.0,6.0,6.911883589329022,0.000161139771641381,0.00035313609529919664,25.0,3.0,6.657433056325023,0.0007923243730325828,0.002400276777128118,14.0,3.0,2.8717025775271847,2.726086468596011e-11,6.381520596940663e-11,102.0,64.0,8.24596675028282,2.999230150316358e-42,9.96518404782532e-42,284.0,27.0,5.706722456360001,9.502223299681633e-70,2.5095615381210464e-69,275.0,157.0
AAchange:Aromatic>Positively-Charged,2.372384117120416,2.576345543756819e-91,4.914140574202822e-91,1310.0,939.0,2.33767926988266,0.0023884550662632287,0.004920217436502251,30.0,26.0,1.469192107222636,0.22191683176616567,0.2893346034419628,14.0,32.0,1.4522909252669038,0.23485693973424893,0.3268954701706438,15.0,32.0,6.422459893048129,2.1240456913001716e-08,6.250763034397648e-08,27.0,12.0,0.8823831763059586,0.5781194175631801,0.6616255556556394,43.0,83.0,1.2413358538122243,0.5324153504658024,0.8064526632055535,8.0,46.0,0.5670455251226632,0.044493853419060064,0.05875470387388701,24.0,27.0,3.083951234576979,8.512771912215763e-12,1.8266989728296326e-11,104.0,53.0,1.2884319754035358,0.5841537791738844,0.6996260378477918,15.0,16.0,3.082703423743886,0.0069450964622862574,0.014058219572122362,12.0,13.0,2.4093466304188302,8.98965750047927e-13,1.7146939306469719e-12,264.0,76.0,2.3362381083173114,0.00091892853695809,0.0015023752270902106,36.0,29.0,2.813614454518729,4.027885321210003e-12,8.134748785973143e-12,112.0,73.0,4.69811320754717,5.741607992083806e-07,1.5562779557490319e-06,23.0,23.0,5.713783403656821,3.5314596247677715e-06,1.1022434586396377e-05,25.0,8.0,1.756214915797915,0.28233607456527365,0.392981292975989,15.0,7.0,1.6898630136986301,0.5414128945357541,0.7435403751624357,6.0,5.0,2.331891036685674,2.7364983238652394e-07,5.52665347761019e-07,87.0,67.0,2.822926641351604,2.5075109705142075e-14,4.9668005762108345e-14,218.0,60.0,2.9956351749180437,2.9388975376654244e-31,6.306384299573723e-31,232.0,251.0
AAchange:Aromatic>Negatively-Charged,8.953355186703398,4.1575233016367835e-99,8.079715095633749e-99,402.0,76.0,9.430011198208287,4.4105603400222215e-05,0.0001135719287555722,14.0,3.0,6.711012564671101,0.027958269547835955,0.046446802635921026,4.0,2.0,6.1833568406205925,0.15018878582794817,0.2199152064155743,2.0,1.0,25.476190476190474,4.3862480112730233e-05,9.412157190856696e-05,9.0,1.0,6.275813008130081,1.0828705787981343e-05,1.956766133617681e-05,22.0,6.0,4.776714513556619,0.026021382964894924,0.06091369194054948,4.0,6.0,10.253489670575098,0.004554987796273329,0.0064851193646713,16.0,1.0,26.562991518889746,3.260638236646344e-12,7.300994312490727e-12,34.0,2.0,11.027522935779816,0.005578817080372293,0.010841852061855587,8.0,1.0,inf,0.23249669749009247,0.3684178437150696,1.0,0.0,14.666278459418674,4.738130338790726e-15,1.0383562231817974e-14,85.0,4.0,13.13757183908046,2.1060084601859215e-05,3.87355127498482e-05,14.0,2.0,7.743363844393593,2.0396417999327618e-09,3.622122506777146e-09,34.0,8.0,11.60477453580902,0.0026960552537296156,0.005142475761743526,5.0,2.0,5.34924965893588,0.1360891999050837,0.2092117550779645,3.0,1.0,inf,0.06871971455980039,0.09969198027689352,5.0,0.0,1.4040816326530612,1.0,1.0,1.0,1.0,10.266798810703667,1.9620415071198002e-07,4.0418055046667883e-07,23.0,4.0,14.915050784856879,1.5330189706078566e-11,2.722430240907056e-11,58.0,3.0,6.893371017471737,1.48281913695296e-18,2.6332822604509466e-18,60.0,28.0
AAchange:Aromatic>Special,3.1087839134734643,7.694356495559073e-241,1.8430667884711267e-240,2302.0,1271.0,2.2831632653061225,0.001027202618206493,0.002204205618234766,36.0,32.0,1.8238195488721805,0.014140071384238825,0.02387585823896064,27.0,50.0,4.790997667078359,2.5199865702434372e-08,6.830489914080896e-08,32.0,21.0,4.6968058968058966,1.0957785099696555e-13,3.6408124686088554e-13,60.0,37.0,1.8788728185937977,2.6677190119426938e-05,4.504509151313073e-05,95.0,87.0,5.030296329057939,6.611004524206385e-08,3.5838603473329356e-07,23.0,34.0,2.8691862924834295,4.150746908902832e-06,6.786141771698281e-06,89.0,20.0,3.2990444574866116,5.6121620124751585e-21,1.4451317182123535e-20,179.0,86.0,4.514826498422713,4.0684100642800116e-08,1.1640173239467812e-07,48.0,15.0,1.9256474519632414,0.08513085424084049,0.14374554076732085,11.0,19.0,3.3359312769522345,3.562456629811467e-33,1.048380093915946e-32,466.0,98.0,3.4002675620376683,1.104652655571975e-10,3.160533986775373e-10,75.0,42.0,3.9914032350629527,3.379223342981725e-30,1.0876875135222428e-29,200.0,93.0,3.5700342811050616,1.330376001293779e-07,3.7034791387367365e-07,34.0,45.0,1.1899441340782122,0.553603769994987,0.7175658996576265,20.0,30.0,2.007328990228013,0.02795553475096083,0.04416517724706479,34.0,14.0,1.4125,0.36766738084141304,0.5917146910416491,16.0,16.0,3.4197863509559774,5.805469853778513e-22,1.6161172836194239e-21,169.0,90.0,3.2541603837620894,3.795754834873776e-23,9.535676780292656e-23,304.0,73.0,3.4014305493673676,2.5250008090396156e-59,6.192263888835248e-59,384.0,369.0
AAchange:Polar/Neutral>Aliphatic,0.41681184209493866,0.0,0.0,2707.0,10493.0,0.44204789370266334,4.364896833915145e-09,1.605658478190214e-08,58.0,253.0,0.5798599797255711,8.00699209044651e-05,0.00020618004632899764,61.0,341.0,0.3383597218731675,6.198146889985969e-13,2.0593842892534025e-12,40.0,346.0,0.5124377427070028,2.226104133767617e-07,5.732218144451615e-07,67.0,355.0,0.5713192054570309,1.5269091909718172e-11,4.2505850451377615e-11,191.0,554.0,0.6426328502415459,0.096534067915818,0.1988601799065851,17.0,184.0,0.06317092048963618,2.5587229022829164e-102,1.4641581051952246e-101,37.0,348.0,0.4882818879994632,1.5787767728198502e-22,4.517055766679016e-22,235.0,721.0,0.33052366870794236,9.382914934357064e-10,2.92860678254175e-09,34.0,134.0,0.23246336310860488,1.8566771194110294e-09,8.31468449127548e-09,13.0,174.0,0.49064234752579555,4.876054942477854e-31,1.357388267770862e-30,475.0,644.0,0.43746576990841934,1.4497944023347605e-13,4.66652573251501e-13,91.0,373.0,0.4656399383963038,1.083585292605087e-26,3.100257920508999e-26,231.0,865.0,0.3423117709437964,6.785654692771984e-11,2.4961515476982654e-10,32.0,410.0,0.30889676522051235,1.7864580336347234e-06,5.7501617957617656e-06,17.0,93.0,0.18381416947564588,1.7582013139627726e-13,8.231578879007525e-13,19.0,79.0,0.6270323696565357,0.053118638949352794,0.10942439623566676,26.0,57.0,0.44378852827107573,1.0787336168869525e-22,3.0863767372043364e-22,169.0,650.0,0.5721045376543731,1.8784398856632926e-19,4.397257005075435e-19,483.0,630.0,0.3832090659361788,4.607134266587172e-90,1.4379843316923597e-89,411.0,3282.0
AAchange:Polar/Neutral>Aromatic,1.8754124428885557,8.076065612322882e-56,1.3416689646278338e-55,1342.0,1215.0,0.8091915849331597,0.5116276511627635,0.6505882477748722,19.0,47.0,2.733308232931727,0.00014242260754186855,0.0003411518273677316,29.0,36.0,1.3036437246963564,0.425728128315793,0.5550632559054011,16.0,38.0,1.3182159068482338,0.32432623812088124,0.41656193945944975,21.0,45.0,2.1012675573826654,1.3714700269142797e-05,2.4355415995201864e-05,77.0,63.0,2.396940418679549,0.050600644992866504,0.11089077519713297,8.0,24.0,0.37852317726531565,0.0001242925757794417,0.00019397174704973477,25.0,42.0,2.209223118512736,4.9971471685430025e-08,8.874244109653953e-08,114.0,81.0,2.76036866359447,0.02666945513555875,0.04292115435878986,14.0,7.0,4.08296943231441,0.00013151691823712778,0.00033039616044936977,17.0,14.0,2.441152620151794,1.686748530695356e-12,3.102412476100387e-12,250.0,71.0,2.2235390578413834,0.0003284781825481385,0.0005734449627535299,46.0,39.0,1.7223332649993166,0.00044655510920656427,0.0005973399512763132,85.0,90.0,1.1571936056838366,0.7096553897362062,0.8290932784793452,10.0,40.0,3.463064208518754,0.0006724969911240025,0.0015742543201311876,21.0,11.0,2.745571658615137,0.028300016488410448,0.04416517724706479,20.0,6.0,1.7648071625344353,0.23893706787454358,0.4101752998512998,10.0,8.0,1.4806427694514337,0.009994741596415738,0.014298033117094737,82.0,99.0,2.966800005846785,5.4761205794684106e-18,1.1750842076775965e-17,259.0,68.0,1.8314734882521315,6.3764846077177645e-12,1.0262154915545777e-11,219.0,386.0
AAchange:Polar/Neutral>Polar/Neutral,0.3479260303829779,0.0,0.0,1736.0,8109.0,0.35060558539921927,1.8078279523540496e-10,7.161779965094889e-10,37.0,204.0,0.26341006362058994,7.553290372347148e-15,3.3825604710945923e-14,27.0,325.0,0.29205746134879995,1.4186974143912751e-10,4.2978186377147453e-10,23.0,234.0,0.3225806451612903,7.820707388465641e-13,2.5172901906623783e-12,36.0,301.0,0.42659604965689424,4.7785584575500415e-18,1.6406384037588474e-17,118.0,457.0,0.3698732289336316,0.0027248926576555624,0.007796220659403415,8.0,149.0,0.11339564400488203,2.2720067797273097e-50,8.667285122663441e-50,39.0,211.0,0.3789128060497975,8.353911917905331e-34,3.18686269460833e-33,174.0,684.0,0.252014652014652,2.2157746750547402e-08,6.520708329446807e-08,16.0,84.0,0.39022453252472744,1.8377724560850985e-05,5.115961161534193e-05,20.0,162.0,0.438513119342427,3.1039774157242287e-30,8.413412468936726e-30,320.0,488.0,0.32513599035167884,1.4050744507202335e-16,5.360098830525335e-16,53.0,293.0,0.32961586121437425,7.744842588747171e-38,2.750754436692961e-37,133.0,703.0,0.2880657906590649,3.081630067344697e-09,1.0580263231216791e-08,18.0,278.0,0.41214484679665736,0.0005384619739743472,0.0013205138885561372,18.0,75.0,0.43755077173030055,0.00025004466986160677,0.0005049921763871666,31.0,56.0,0.20436901126057866,4.5989725981996563e-07,2.9605886100910286e-06,9.0,59.0,0.44716463362668957,2.4810394841785945e-15,6.388676671759881e-15,110.0,426.0,0.4845962923749012,2.25184586597066e-22,5.522383909404238e-22,299.0,462.0,0.30986243802911445,2.8989101430907364e-90,9.330867023073307e-90,247.0,2458.0
AAchange:Polar/Neutral>Positively-Charged,1.0886482178048125,0.0001616083394197744,0.00017339228083579963,3390.0,5266.0,1.0457811585722645,0.738910217485216,0.8748017517353707,91.0,175.0,1.2393672082451956,0.2149438920158721,0.2838361650978824,50.0,136.0,1.0566840712395393,0.7491062814407919,0.8868729538896732,56.0,164.0,1.2675,0.0934624321582962,0.13370320155978482,78.0,175.0,1.0539550204094499,0.5779812422963234,0.6616255556556394,198.0,321.0,0.39195532257511906,0.00691379416952068,0.01780301998651575,8.0,141.0,0.26965817977211987,9.720277451223193e-22,2.383782327323783e-21,71.0,164.0,1.3694520535682315,7.624057663744691e-05,0.00011218256276652903,313.0,360.0,0.8623792669026337,0.4666583991777423,0.6008226889413433,50.0,79.0,2.1705575391375995,0.000267980909048591,0.0006273189461819289,42.0,66.0,1.127020440889731,0.07780713802573686,0.09318761879826623,603.0,369.0,1.4921250308419158,0.00112762846395408,0.0018147770591760972,129.0,164.0,0.9896352978290519,0.9055567669142732,0.9588404303766915,256.0,469.0,1.2189861751152073,0.2334035196003748,0.31632319103735007,51.0,195.0,0.884992987377279,0.7028338828531071,0.8618082134984528,23.0,46.0,0.8757058493900599,0.5671928858623583,0.7212452746150976,41.0,38.0,0.7314025286680388,0.28147100701884586,0.4676050600474375,20.0,38.0,1.1087747592338353,0.2649556685921088,0.3288004080118941,200.0,322.0,1.4985586032384504,8.50952524519547e-09,1.4136791939598927e-08,597.0,311.0,1.0753109584238594,0.1613796077198124,0.17496946942253347,513.0,1533.0
AAchange:Polar/Neutral>Negatively-Charged,0.7179892851368257,9.890258385881235e-13,1.1709156479836404e-12,645.0,1510.0,0.46405375139977606,0.008623464681248602,0.016149397493974656,14.0,60.0,0.882928953764453,0.7712730661044865,0.854205653857657,14.0,53.0,0.6768630234208659,0.2947531274458778,0.39946805430165017,11.0,50.0,0.8096048534844374,0.512749163559226,0.6141065563558171,17.0,59.0,0.9043871387206762,0.6408792858471384,0.7253908400247829,43.0,81.0,0.23523357086302454,0.1680146299165206,0.30902690859645754,1.0,30.0,0.12305188089606733,3.830345202751974e-08,6.921500980411462e-08,6.0,31.0,1.2081011824254768,0.2414514369524317,0.2891802093732612,76.0,98.0,0.3546631264520412,0.022114790466799945,0.037963723634673235,6.0,23.0,0.7156185855570069,0.6542914133658246,0.7928472420785875,5.0,23.0,0.757547972216546,0.03400429690200377,0.04271271440129742,125.0,113.0,0.7943368107302533,0.3663735902555748,0.46020097312590497,26.0,61.0,0.6621300055667656,0.014818200640462492,0.018388851397200444,48.0,131.0,1.0600740740740742,0.8641048357502532,0.9674217182856096,11.0,48.0,0.5312414733969987,0.3987664784077445,0.5626431133698313,3.0,10.0,0.5904016238944468,0.3546443354423735,0.4870448873408596,8.0,11.0,0.816986739826246,0.8163193775676167,1.0,7.0,12.0,0.8094921113174275,0.34653259286642313,0.41991596547343035,31.0,68.0,0.9472283865517501,0.757578973427367,0.8128191069064459,95.0,77.0,0.6645205500013631,0.00016375718047153688,0.00020569499498254023,98.0,471.0
AAchange:Polar/Neutral>Special,1.0632372356941573,0.01601511870096786,0.016662194204037268,2621.0,4163.0,0.8811312576753594,0.47296461349216457,0.6245558357652942,56.0,127.0,0.661433962264151,0.03607810753550435,0.058028269001282926,32.0,160.0,1.156311588490343,0.4054625239020302,0.5354184610501168,44.0,118.0,0.8190766111957641,0.22600270745815793,0.298439472669106,53.0,181.0,1.118964574635861,0.3455587998702302,0.42372090936468704,125.0,191.0,1.5374712643678161,0.14318564723325491,0.2782664465099105,16.0,75.0,0.5696180533298006,0.00015131976846677455,0.0002326259127175788,89.0,99.0,0.7662180052956752,0.0021352253381577914,0.002972002835543953,205.0,412.0,1.3803585346843337,0.20873349726818735,0.2986048641475458,33.0,33.0,1.448004068141368,0.18447334275523614,0.3015992746633226,20.0,46.0,1.5349265387553492,1.2927517499033967e-07,2.080522347500779e-07,482.0,218.0,1.5627577475295638,0.0005452020899420116,0.0009359302544004531,117.0,142.0,1.125520301979188,0.18869900700762232,0.213582392547089,209.0,338.0,1.2328998888190652,0.24905186686295258,0.3247131935048622,40.0,151.0,1.0820844766528295,0.7465779077300002,0.8941572615836049,37.0,61.0,1.1944784026079869,0.5962457514867618,0.7399194265438129,35.0,24.0,1.0212121212121212,1.0,1.0,16.0,22.0,1.2682655512224525,0.02643491608177629,0.03630395141897277,158.0,223.0,1.5533054393305439,6.694209821036908e-07,1.0291098680101515e-06,382.0,191.0,1.1239545769444539,0.033652429277155865,0.0376760892994245,472.0,1351.0
AAchange:Positively-Charged>Aliphatic,2.521206058636025,1.6113174875526088e-110,3.254229435645465e-110,1429.0,965.0,2.9405640734431193,1.7207912446685316e-05,4.9233749500238546e-05,39.0,27.0,4.687289562289562,1.7724733040941236e-09,6.295336217989474e-09,37.0,27.0,0.7705527994330262,0.602179583520049,0.7296999659125298,9.0,36.0,3.4902935135493274,2.136400576863823e-06,5.239268081356518e-06,33.0,27.0,3.3256502165972988,5.923699965993178e-15,1.906690926554054e-14,117.0,61.0,1.0540492645755803,0.7878173489198037,1.0,4.0,27.0,0.2607338687740698,2.2064156520518784e-06,3.7255870846121885e-06,16.0,39.0,4.02229240296339,2.798488148586936e-22,7.790385927147416e-22,155.0,61.0,3.2887432536622976,0.005073492179837693,0.010049417202370816,19.0,8.0,1.239971346704871,0.6173562296964019,0.7754596543747487,6.0,16.0,2.949124229570434,4.2759857239417983e-19,9.787256212577893e-19,301.0,71.0,2.274374896506044,6.29495313004299e-05,0.00011178968489559104,53.0,44.0,2.634915873002459,2.2623342088628914e-10,4.315193028016256e-10,105.0,73.0,2.247280103263876,0.015952670524839296,0.027385417734307457,14.0,29.0,2.141917808219178,0.2181781462531361,0.3165119586489158,6.0,5.0,1.9467490438364226,0.06756612472890239,0.09969198027689352,26.0,11.0,2.4844182825484764,0.048199936403375505,0.10342903019890995,14.0,8.0,1.6444634540442924,0.007522965743479252,0.01139508046438769,58.0,63.0,2.6648963659354554,9.61391287257219e-13,1.7682732604909564e-12,206.0,60.0,2.5091078816427292,5.389048362712695e-22,1.0279110765914955e-21,211.0,272.0
AAchange:Positively-Charged>Aromatic,0.6008095161866445,4.65669119119954e-50,7.49436238583676e-50,1099.0,3058.0,0.9074451810300866,0.8076323864750873,0.945296997806068,24.0,53.0,1.2783755162554273,0.27731035358821243,0.34003531451887953,27.0,71.0,0.300821571518854,4.625902808522916e-05,9.529359785557208e-05,10.0,101.0,1.4209891435464415,0.04285067858249915,0.06305171277139161,52.0,104.0,0.5648224183945801,2.1183462444734636e-05,3.636494386346112e-05,71.0,212.0,0.35860630597472704,0.03954537111901194,0.09051496056129399,4.0,78.0,0.05846009463105619,6.165435867488201e-33,1.8677643951508374e-32,10.0,107.0,1.9207913047656402,1.518966021088121e-08,2.7447982486329204e-08,172.0,141.0,0.42603174603174604,0.015168961218597787,0.026937982853716763,11.0,35.0,0.6273687433032298,0.2627085747563596,0.40998459393795517,9.0,47.0,0.489092030688734,2.3336574677320833e-13,4.713072925027541e-13,181.0,251.0,0.5983270049416334,0.002834929830598169,0.0044242086750244155,45.0,139.0,0.5828063758453735,1.2395276226199753e-05,1.7489225360254446e-05,83.0,256.0,0.8763473589973142,0.7164009882005993,0.8290932784793452,19.0,100.0,0.4052687038988409,0.04180775996903606,0.07059343076738876,6.0,26.0,0.5134761072261073,0.0622006509597751,0.09421569189495346,14.0,22.0,0.8057718980049077,0.6310706987445793,0.8441595061128788,15.0,26.0,0.4572372301521765,1.4769516404943233e-07,3.1046126320594957e-07,51.0,196.0,0.3972500248254514,2.413500145343068e-14,4.874323822947765e-14,100.0,191.0,0.6885449696883786,1.2911897231441677e-06,1.7971965065385037e-06,195.0,902.0
AAchange:Positively-Charged>Polar/Neutral,0.4523750807229237,0.0,0.0,2991.0,10702.0,0.7420321111909897,0.02040508598466551,0.036872348358255216,88.0,234.0,0.9262325135379061,0.6025333477151988,0.6819882946666537,77.0,277.0,0.207741077819818,8.220982663726319e-19,3.6815704972339604e-18,23.0,322.0,0.9028250851532759,0.41684041944783956,0.5111257524181843,100.0,310.0,0.5633032296693349,6.341119717507895e-15,1.9791979724342825e-14,246.0,717.0,0.38474925529302484,0.00033773237622547003,0.0010541343864007094,13.0,229.0,0.09176640652561113,1.727238864389014e-84,7.7350262187855855e-84,50.0,326.0,0.8662376762391151,0.0389125122164517,0.050734034915120574,350.0,623.0,0.3181606415352438,9.23650714435963e-12,3.397715128103721e-11,39.0,158.0,0.37295580316152566,3.3686762672518204e-06,1.0842926735216797e-05,21.0,177.0,0.36224618703381617,6.759949393306125e-76,2.9011449479605457e-75,517.0,925.0,0.5619768832204065,2.6128220366179746e-08,5.980459328258919e-08,120.0,386.0,0.509078365878319,7.021473800700545e-23,1.85438923454399e-22,262.0,899.0,0.39002993376859074,9.485045879371067e-09,2.873410957574176e-08,34.0,385.0,0.34896191162424384,2.520323859141445e-05,7.416953071187682e-05,17.0,83.0,0.7119955776672194,0.07279064676618871,0.1041310641238533,56.0,63.0,0.44757874941231784,0.0002606226942582757,0.0009587191967357999,27.0,81.0,0.35773362551575355,2.541679178250284e-29,9.02734328826825e-29,125.0,595.0,0.43802696887714887,3.327529850833864e-36,1.0385926504117818e-35,372.0,628.0,0.4243701044674871,3.5695806198690443e-76,9.936940644500313e-76,454.0,3284.0
AAchange:Positively-Charged>Positively-Charged,0.28502426148361976,0.0,0.0,1759.0,9903.0,0.4354066985645933,1.311146233107252e-08,4.5016020670015645e-08,52.0,231.0,0.6848433493390046,0.009194391720985299,0.016614427144938347,58.0,278.0,0.1661803326524657,3.3309302866725764e-20,1.5594809978512517e-19,17.0,298.0,0.5970080001035891,0.00023635714234056788,0.0004508293640940462,61.0,281.0,0.3666695191412454,9.794844919173371e-30,4.035476106699429e-29,137.0,608.0,0.25382385155595644,2.505507737515372e-05,8.898872309106322e-05,7.0,187.0,0.04288308422964101,2.7133177880178704e-95,1.3973586608292033e-94,21.0,294.0,0.510289955908565,2.1495799435110147e-16,5.148993818177547e-16,191.0,566.0,0.17145742612963827,9.57541743856132e-18,4.93133998085908e-17,19.0,142.0,0.25227444081427497,9.714614781343194e-09,4.002421289913396e-08,14.0,173.0,0.24412796711404336,9.78085516153381e-109,6.2964255102373905e-108,309.0,818.0,0.4121820934256055,8.91145452388219e-14,2.960902632128599e-13,78.0,340.0,0.3131463648218107,9.924727516020436e-48,3.7860997561114995e-47,152.0,838.0,0.3471182025398893,5.667439189658207e-09,1.8830523759186947e-08,26.0,332.0,0.16955937128108434,9.032221734168633e-10,3.721275354477477e-09,9.0,89.0,0.1295536272670419,6.33125730161323e-17,3.2605975103308136e-16,14.0,82.0,0.39640157739073284,0.00021387727752044788,0.0008159022068372642,20.0,68.0,0.1806018272630218,1.738314930745523e-56,9.423496729830994e-56,64.0,596.0,0.2333113041117139,2.152730954282556e-83,1.0558632775766823e-82,203.0,634.0,0.30759502060155025,3.810511547759502e-112,1.308275631397429e-111,307.0,3048.0
AAchange:Positively-Charged>Negatively-Charged,1.3586366547122068,6.559632416261825e-13,7.856303940406604e-13,1018.0,1267.0,1.5001954567171958,0.1192916940735323,0.18616734075111857,29.0,39.0,1.7597442838970612,0.031225153556198475,0.05105064787759433,24.0,46.0,0.2552377589453861,0.0030903607253501063,0.005787402812928381,4.0,48.0,3.6025366305669775,1.520219300558999e-07,4.1205944199362347e-07,39.0,31.0,1.6331234871627163,0.0023465479967103298,0.0033601015228721357,79.0,83.0,0.9806962547434417,1.0,1.0,4.0,29.0,0.14839908917700637,2.0665235809479425e-07,3.669860842028243e-07,7.0,30.0,2.4853030857421636,9.650221116802779e-12,2.0285158674095636e-11,142.0,90.0,0.6832440703902066,0.43527521527975493,0.5675107237191742,9.0,18.0,2.7890662796323173,0.00562141698247801,0.011816447942759899,15.0,18.0,1.2804093585925354,0.05973328821671471,0.07324438912287638,173.0,93.0,2.7790264577446697,4.550818501515397e-06,9.190868738354625e-06,50.0,34.0,1.381882189550854,0.03262914059713147,0.039538840958876956,82.0,108.0,0.8738898331458119,0.8455726887840118,0.9570767796126727,7.0,37.0,2.0423861852433283,0.1816295252410094,0.27112813188150675,8.0,7.0,1.490264968525838,0.36403603788054417,0.4933646302854744,20.0,11.0,1.020979020979021,1.0,1.0,8.0,11.0,1.3649755927475593,0.11506747999229675,0.1500246891038806,49.0,64.0,1.2407962193295217,0.20307491489574805,0.2324079581584672,100.0,62.0,1.3316113734305266,0.0022834062161048037,0.0027033429914804,169.0,408.0
AAchange:Positively-Charged>Special,1.3504882690839453,2.273523775608018e-40,3.3453278412517985e-40,3704.0,4675.0,1.7338245866283248,0.00023388823598303462,0.0005602439140988968,88.0,104.0,1.7394826753991615,0.00011163289003031038,0.0002737663731695707,84.0,166.0,0.8598358163575555,0.4327209452789333,0.5571282170466266,40.0,143.0,1.863061089481504,1.1762349436306587e-06,2.954931687657508e-06,111.0,173.0,1.649833002552503,1.46467707687695e-09,3.0788109983331806e-09,304.0,322.0,0.9600498556809236,1.0,1.0,10.0,74.0,0.27410211325953243,1.1079813496515507e-20,2.5360462003135493e-20,69.0,157.0,2.6193399560962907,3.536956241613062e-36,1.401178818792867e-35,450.0,279.0,1.5667283224034527,0.01858518944955761,0.03244533073397345,64.0,57.0,1.1499311701081611,0.5496857032881213,0.7258670184445704,26.0,75.0,1.2997592569128353,7.546516904083473e-05,0.00010503935690818887,669.0,357.0,1.2458363186913006,0.07500853468524782,0.09904973169975033,121.0,183.0,1.313627671073418,0.0011657460594610234,0.0015198967610694357,259.0,361.0,1.4253684642109579,0.03215871641110621,0.051755434224124056,52.0,171.0,0.7880077369439071,0.441072783987475,0.6057399566761323,21.0,47.0,1.0680907040841894,0.8955430514370364,1.0,34.0,26.0,1.4261119081779052,0.12814477297957833,0.2444242892017883,39.0,39.0,1.3398314447144977,0.0028270752053842167,0.004411950699311732,194.0,260.0,1.0578402613531617,0.47581655006982404,0.5213734537999135,433.0,315.0,1.5157630106814155,1.241811579962519e-16,2.1317765456023243e-16,636.0,1366.0
AAchange:Negatively-Charged>Aliphatic,2.4624239592131665,1.2465820645170054e-117,2.620366380515338e-117,1588.0,1099.0,1.4603262571986217,0.09712965843684164,0.15879928284118552,34.0,47.0,1.976542916216859,0.011063275735463828,0.019646851737116798,24.0,41.0,7.4267254038179145,1.9736589013544542e-18,8.470286118312866e-18,58.0,25.0,2.5138473799561667,8.269672452530304e-05,0.00017035525252212427,37.0,42.0,2.303105590062112,9.283725377202112e-09,1.8749484585329757e-08,112.0,84.0,1.9599383667180277,0.09259439223103332,0.19463719183258021,9.0,33.0,1.1446340954836953,0.5921918364871755,0.6853456085188661,59.0,33.0,2.2487758992625295,8.954036205033186e-07,1.397372316846088e-06,89.0,62.0,1.0053128991060025,1.0,1.0,11.0,15.0,4.1725088278356735,1.7964179625006417e-05,5.115961161534193e-05,21.0,17.0,2.784637951726897,3.2178448178833413e-19,7.532682187317822e-19,328.0,82.0,3.5850507416081188,2.411346348157237e-08,5.644742587731714e-08,53.0,28.0,3.0276459295426545,1.397400852177302e-15,3.1289627777013506e-15,135.0,82.0,3.12327947336924,0.00010513718299262281,0.0002461165874600034,22.0,33.0,1.4023645320197045,0.4080855147679099,0.5680109192039827,11.0,14.0,9.86578073089701,1.685135713528249e-10,6.675729942054217e-10,58.0,5.0,2.5970114942528735,0.08043777936853883,0.1563224768860283,11.0,6.0,1.903057483741347,0.00031110196949190856,0.0005168306912526868,67.0,63.0,3.2001611071750924,3.7017062724991156e-16,7.625514921348178e-16,210.0,51.0,2.302100577495046,3.1934646338208957e-21,5.873693880063433e-21,239.0,336.0
AAchange:Negatively-Charged>Aromatic,4.953871033101111,8.101837689730876e-138,1.775509110728256e-137,808.0,277.0,2.304932735426009,0.03042358372865195,0.0540280883457095,16.0,14.0,11.51179104477612,1.0285420085605945e-07,3.026852196621178e-07,17.0,5.0,39.144602479941646,5.82112775715314e-26,3.155663994667229e-25,49.0,4.0,3.681673541543901,0.0028583749420698534,0.004826436377593359,13.0,10.0,5.465245017810725,2.4833846659504786e-11,6.731279489286824e-11,54.0,17.0,1.1861111111111111,0.6877811572704144,0.9200189506344504,2.0,12.0,1.237430662378222,0.5396646078683398,0.6316528933004432,29.0,15.0,4.270042194092827,2.886785320162505e-07,4.7196648885196514e-07,41.0,15.0,2.7496183206106872,0.17972133734876752,0.2607225034777895,6.0,3.0,1.9848787446504992,0.39835827796002177,0.5620671593134554,3.0,5.0,7.869203816556622,6.359070017923315e-22,1.5594862186811942e-21,159.0,14.0,3.7658959537572256,2.3085188123047962e-05,4.1715339941648076e-05,30.0,15.0,3.7745876104386906,5.408042947846816e-10,1.012778952051313e-09,62.0,30.0,5.23469387755102,0.001064688755412746,0.002193258836150257,9.0,8.0,19.830344827586206,0.00010156052319762772,0.0002682239458809142,11.0,1.0,5.670358306188925,2.6550922183979605e-05,7.012166628076664e-05,34.0,5.0,8.482191780821918,0.023143461986430986,0.05675658534767599,6.0,1.0,6.145475241889584,3.1164669432137026e-11,7.133246558911363e-11,48.0,14.0,5.310169814920816,8.225590030931906e-13,1.5404286785199752e-12,103.0,15.0,5.057907806679838,6.974525124438972e-28,1.4660736486065593e-27,116.0,74.0
AAchange:Negatively-Charged>Polar/Neutral,0.7211257302139465,1.1383938954242562e-24,1.5227866393337451e-24,1382.0,3211.0,0.7705583756345178,0.27788012927275907,0.39752296270964144,27.0,70.0,0.765996956645088,0.35324243593544313,0.41820656208449014,20.0,87.0,2.2782141791786814,2.102169488335836e-06,5.1553204118712175e-06,64.0,89.0,0.6605268840423235,0.061054164935575056,0.08857153504738353,26.0,110.0,0.9283586591757476,0.5318635032331661,0.633897424484254,120.0,220.0,0.8091097308488613,0.7273008129069605,0.9434049126122671,8.0,70.0,0.3087321657144641,5.7310261151941184e-15,1.204685081357131e-14,62.0,126.0,0.5929611621489242,5.4699887869677234e-05,8.165345580546021e-05,80.0,208.0,0.34520181769580327,0.001173081851529216,0.0024658659328063107,11.0,43.0,0.9316680299502926,1.0,1.0,13.0,46.0,0.6910486542515566,9.704870692946184e-05,0.0001315265370228233,230.0,227.0,0.6118859639751287,0.004382127312716576,0.0064062419893089724,45.0,136.0,0.8079598145285936,0.05955947972557826,0.06971166376971091,119.0,266.0,0.5903829029385574,0.0827169324743964,0.12171205778375471,13.0,101.0,1.1623349213049508,0.7333662189304198,0.8886673005862733,15.0,23.0,0.7796467881350663,0.3958275199546918,0.5294835656536786,25.0,26.0,1.3332560655231032,0.48891099177887576,0.7092652415947072,17.0,18.0,0.6994394881132824,0.007642115537276671,0.01140779565709416,78.0,197.0,0.7518697590088389,0.0075389883745054015,0.010493456791541301,180.0,183.0,0.7565923029580583,0.00013539289369951236,0.0001721662722351824,229.0,965.0
AAchange:Negatively-Charged>Positively-Charged,1.184420876390528,1.1782468791432314e-09,1.3635890848511555e-09,2277.0,3254.0,1.0359974751269951,0.8578850752305581,0.9928332893117695,49.0,95.0,1.4581638982700393,0.06807071687309285,0.09875047659054316,38.0,88.0,2.4847310072774262,1.0877213327789793e-07,2.8008824319058717e-07,68.0,87.0,1.1456050645239835,0.46112910908193394,0.5587799792404611,45.0,111.0,2.064684569479966,3.4055366221589915e-14,1.031677270830518e-13,250.0,212.0,1.4346341463414634,0.2743805373666089,0.4710199224793452,12.0,60.0,0.4386527862829149,1.830600884439372e-08,3.3669980553081303e-08,80.0,115.0,1.1465231405798306,0.22589847948979785,0.2737358045582256,150.0,204.0,1.098452012383901,0.7816380944059882,0.9045924013911998,24.0,30.0,2.02433234421365,0.0043896074224313835,0.009419365927300678,30.0,50.0,1.1144722005377743,0.1922354201152846,0.2106409390624927,395.0,244.0,1.1022228297083496,0.5692644602600183,0.6662981750770669,63.0,107.0,1.2782218103659087,0.012971981812040689,0.01629407471512428,187.0,267.0,1.4589009990917348,0.0628151400116789,0.09376752784352067,35.0,112.0,1.5192846369316957,0.17105799569426555,0.2591025523016081,22.0,26.0,0.5527169505271695,0.015368715608372809,0.02595045422397376,29.0,42.0,3.1029986962190352,0.0006118531848438522,0.001909723576936872,28.0,13.0,1.6087139783920057,7.272571334952552e-05,0.00012915083577588152,137.0,153.0,1.1620177549157886,0.118502974846864,0.1402966253934137,279.0,185.0,1.0857680258836782,0.18360061114243362,0.19698815570490275,356.0,1053.0
AAchange:Negatively-Charged>Negatively-Charged,0.5185236397282668,5.267168239954871e-75,9.353764288195721e-75,936.0,3013.0,0.7360090446579989,0.16170972721312177,0.24139278120219626,31.0,84.0,0.25251084227345355,2.8859023627237165e-06,8.03372819893359e-06,9.0,117.0,1.200998920086393,0.37466522742622754,0.5011755639597589,31.0,80.0,0.5887493678045279,0.02109117169857547,0.031483922970337294,23.0,109.0,0.76252894494798,0.05053397159900609,0.0667307573679183,80.0,178.0,0.2220710506424792,0.02013818797507083,0.04938650860553085,2.0,63.0,0.10230221850146505,6.5107530410163815e-21,1.5241080982379257e-20,13.0,80.0,0.2981859025822525,1.2245104971032912e-17,3.076209297600951e-17,48.0,246.0,0.3813121652639633,0.010012254909079244,0.01909744917842893,9.0,32.0,1.0475803889732096,0.8713724198379886,1.0,13.0,41.0,0.5860468054095505,2.1303827239025745e-07,3.324688190332805e-07,179.0,208.0,0.2635299967369517,2.0307861101936884e-10,5.504499193419734e-10,20.0,139.0,0.5393001699637294,6.198570605061842e-07,9.822350343405688e-07,79.0,263.0,0.7168179321314083,0.2391061867483154,0.31984334071527903,17.0,109.0,0.8345184227537169,0.834599699148708,0.9880892989921486,8.0,17.0,0.8585411638508984,0.7395279620890097,0.8655838647178181,19.0,18.0,0.5565934065934066,0.1797568478965495,0.33062420238115353,8.0,20.0,0.7301296826899948,0.053994323556126524,0.07287706124523911,54.0,131.0,0.7017117111046725,0.003529151947938374,0.00497948836489935,134.0,146.0,0.5415690316649941,3.592273266390929e-14,5.967808813520414e-14,159.0,932.0
AAchange:Negatively-Charged>Special,1.6254549468362518,1.6816733168216527e-44,2.624429570191367e-44,1674.0,1749.0,1.1503416856492028,0.49469628689400336,0.6449837664567386,44.0,77.0,1.600846819961485,0.05306410137241559,0.07921162958491022,28.0,59.0,5.329656862745098,1.7696588397428002e-15,6.750920759018831e-15,60.0,36.0,1.6135524013221856,0.01855286367830907,0.02857829073317857,42.0,74.0,1.874473736968725,1.548833527096555e-06,2.9542565424249106e-06,126.0,116.0,1.1874500399680257,0.6119963747788805,0.8635017342770506,5.0,30.0,0.7865841073271413,0.18165298183946843,0.22012067211135586,74.0,60.0,1.1968986454927604,0.1882244059427287,0.23079897395358404,96.0,125.0,1.2756276724043416,0.5608696054138562,0.6796419924426728,13.0,14.0,1.8793731778425655,0.041390267878894556,0.07350340675045068,18.0,32.0,2.0634166209031455,9.646002902775572e-12,1.7430496473436562e-11,324.0,109.0,1.4394500968992248,0.06547114894861757,0.08757829015204686,46.0,60.0,1.7113226120426492,1.648342462017106e-05,2.2943145079427286e-05,131.0,140.0,2.12625808035349,0.0029443938154741674,0.005514046599887986,25.0,55.0,2.4530324044887153,0.024152798443585595,0.0436445305208652,15.0,11.0,2.0724222585924714,0.01397604804416866,0.023992215809156198,40.0,16.0,4.940609951845907,6.027337969094849e-05,0.00029562657657941405,24.0,7.0,1.7895895895895897,0.0005039435809806089,0.0008239077593809954,73.0,73.0,1.681170231934675,1.8445444137334952e-05,2.714115351636429e-05,213.0,98.0,1.6059348959532664,5.229224340982611e-10,7.694430101731557e-10,277.0,557.0
AAchange:Special>Aliphatic,1.2117012926916149,2.918837719393705e-23,3.758003563719396e-23,4894.0,6876.0,1.1422109180294289,0.3735319225393732,0.4996595846955251,77.0,136.0,0.8473292765382014,0.32384103450064616,0.38785612271589015,52.0,204.0,1.0881485952206011,0.5818062461213112,0.713405277982084,59.0,168.0,0.4727272727272727,2.2901559750828107e-08,6.552390706486931e-08,60.0,344.0,1.0639350062826145,0.5354279216517486,0.633897424484254,188.0,302.0,1.128322042730589,0.5910699130952033,0.8574676204057174,18.0,114.0,2.417413665961274,4.62531460083099e-44,1.6427841513296276e-43,1082.0,314.0,0.6880641738800676,3.9887385041689756e-07,6.419376030146945e-07,271.0,601.0,1.175875025450238,0.32632921119493774,0.45421498314971065,74.0,87.0,1.1822008924812664,0.41998998128581816,0.5845806496275577,38.0,107.0,1.578521956661628,5.273696900164143e-13,1.0445976552248208e-12,816.0,362.0,0.6997550623562627,0.004402474221540404,0.0064062419893089724,90.0,237.0,1.00880010041245,0.912294778416658,0.9588404303766915,303.0,545.0,0.8383199000398193,0.2917049550825802,0.37557012966882203,49.0,268.0,1.6889126912196863,0.010984823581784008,0.02134786469667458,49.0,53.0,1.0618969746524938,0.9023201345287069,1.0,39.0,30.0,1.1291428571428572,0.6447773583251987,0.8514367680448136,36.0,45.0,1.2614151695751523,0.009739038387725059,0.01412846413993917,227.0,323.0,1.1494210388288109,0.0336939129094483,0.04232284182528262,617.0,415.0,1.085453565958893,0.06011344236546512,0.06657725337250438,749.0,2221.0
AAchange:Special>Aromatic,7.505944036308925,0.0,0.0,3569.0,831.0,3.5261461318051577,1.1842159797092195e-08,4.206008479656883e-08,55.0,32.0,2.7795566502463056,0.0005895126949515853,0.0013493290573336283,23.0,28.0,22.784611490761833,4.2370472900236786e-48,3.3570451605572226e-47,103.0,15.0,9.036144578313253,4.035050903476002e-17,1.5392971965112155e-16,50.0,16.0,1.8621796011233958,0.0027972274576295864,0.003946772988162294,50.0,46.0,10.754229323308271,4.027158078040448e-12,3.456644016984718e-11,23.0,16.0,77.14854614412137,1.0949292530074395e-176,1.1277771305976627e-175,852.0,8.0,4.29173220186059,1.372383473491591e-31,4.711849925654462e-31,210.0,78.0,18.372060857538035,1.63228871833309e-32,1.6812573798830829e-31,111.0,9.0,7.163755458515284,2.2745099441056187e-06,7.557242717512217e-06,17.0,8.0,4.798119143255086,1.1291519139380792e-39,3.6344577229881925e-39,397.0,58.0,5.132951725693661,2.5021298791120717e-14,8.59064591828478e-14,70.0,26.0,8.145861177503537,2.781034202999246e-69,1.2454196648214017e-68,281.0,65.0,5.864096196575611,8.263742167151475e-14,3.7007193183330517e-13,43.0,35.0,2.782773766098414,0.0006481533983791513,0.0015525534891407578,29.0,19.0,31.037165082108903,2.8334213381885826e-24,2.0845885559530285e-23,105.0,3.0,7.142857142857143,0.00039733444676645554,0.0013201757424820943,15.0,3.0,8.38020696937698,4.0535097418023997e-82,2.783410022704314e-81,333.0,75.0,3.3117089225867535,1.4650377799147499e-18,3.210614709174877e-18,234.0,55.0,7.998696413745621,6.458893376271516e-176,3.167933417885553e-175,568.0,236.0
AAchange:Special>Polar/Neutral,0.8230026516413186,1.7655726609213392e-22,2.245110914504913e-22,3865.0,7842.0,0.6241336747664928,0.003938454672727547,0.007801169832518027,49.0,155.0,0.6046188910045583,0.0011569574915907374,0.002383332432676919,49.0,265.0,1.2073920545100965,0.17776781428947155,0.25430673433077183,79.0,204.0,0.5613403661185231,2.8959078491438563e-05,6.779057010495845e-05,60.0,293.0,0.5217396933913404,3.472944810153827e-10,8.129848078314641e-10,115.0,368.0,1.7000218245307726,0.019085814024321905,0.047947288890369665,27.0,116.0,1.5823859906216056,3.716742603584337e-12,7.089342373503458e-12,811.0,342.0,0.46572740571334387,2.04929577739954e-25,6.208160737416253e-25,231.0,741.0,1.475127963591379,0.025368031364950513,0.04147471794587147,75.0,71.0,0.5941842373517893,0.03305940835179018,0.060058811578505795,20.0,109.0,0.9013445865134458,0.11110827459910522,0.1285859807158184,580.0,440.0,0.44949010796979344,1.6490903377974817e-10,4.590710940355152e-10,73.0,294.0,0.7203203673642399,2.2497008874972973e-05,3.089589218829622e-05,238.0,591.0,0.7287107258938245,0.032790862260280905,0.05196090481244512,57.0,355.0,0.7402341612867929,0.18600559611548856,0.2736939485699332,33.0,78.0,1.4197131317315659,0.12522666768477447,0.17668968180180508,55.0,32.0,0.823111395646607,0.4607240150201326,0.6877474427112125,26.0,44.0,1.0994376818781864,0.25639682050094115,0.3220594208731334,245.0,398.0,0.6686322924231421,9.607062667882999e-09,1.57067849966976e-08,398.0,450.0,0.8185842316164861,7.36353216012347e-06,9.849919642762564e-06,644.0,2496.0
AAchange:Special>Positively-Charged,2.509558154941517,0.0,0.0,5650.0,3949.0,1.907216494845361,2.4426930593840837e-05,6.620983818856859e-05,90.0,97.0,1.899254690310974,0.0001743598487011753,0.0004081605549141149,60.0,108.0,3.1545631909820075,5.066236821195921e-15,1.863651402082785e-14,102.0,105.0,1.60989010989011,0.0018647907482517352,0.003201224117832145,72.0,128.0,1.34389259264524,0.0060777795930315485,0.008346817307763326,161.0,206.0,2.7243031358885017,2.4172220631007376e-05,8.891924017834856e-05,30.0,82.0,6.635988604431382,4.993309483071188e-150,3.673649119688088e-149,1307.0,149.0,1.314265308886727,0.0011656654415883867,0.001691035781459209,272.0,325.0,2.3342705718270573,1.4803998145536341e-08,4.484740614677186e-08,121.0,75.0,1.8939014202172098,0.00696086600173049,0.014058219572122362,32.0,57.0,2.2347916864382653,1.5023873332994076e-31,4.298497092495528e-31,812.0,257.0,2.0477058610381373,7.30856307382495e-09,1.881954991509925e-08,142.0,133.0,2.2701408213171432,1.817370725744535e-24,4.926031177675977e-24,358.0,295.0,2.7463884430176564,7.204542737216814e-10,2.558854834252869e-09,68.0,119.0,1.4880512091038407,0.10653768783209563,0.16882125918009,33.0,40.0,2.437463547404575,5.777134991179573e-05,0.00014167735811702287,75.0,26.0,2.688,6.826216621913013e-05,0.0003195910509350183,46.0,25.0,3.1160961088666808,3.1699481296582324e-40,1.3060186294191918e-39,365.0,219.0,2.123753367238103,2.66810314314153e-24,6.87036559358944e-24,640.0,238.0,2.26753557191527,1.4326072653849871e-68,3.688963708366342e-68,864.0,1265.0
AAchange:Special>Negatively-Charged,2.924872209393133,0.0,0.0,3771.0,2237.0,2.311377930245855,6.592220213351957e-05,0.00016166635285125037,51.0,45.0,2.0597777317595085,0.0006329313553277339,0.0013838219383371442,40.0,66.0,2.4172842853699685,0.00010694438189844842,0.0002159857124615723,37.0,48.0,1.1746307850393225,0.4140149532988558,0.5111257524181843,37.0,89.0,1.6696784675766292,0.00033174307916710745,0.0005099930918539114,101.0,104.0,0.8867753623188406,0.8577900556474054,1.0,8.0,64.0,16.467051701527335,1.3924505640637588e-229,1.7927801012320895e-228,1373.0,65.0,0.964906799102114,0.8137184488934937,0.9090535952939878,118.0,190.0,2.43758573388203,0.00019839513671514807,0.0004257228975345886,47.0,27.0,2.856536189069424,0.00012739845832593493,0.0003280510301892825,27.0,32.0,2.344736218000107,1.1650592547160543e-23,2.926856176481795e-23,542.0,162.0,1.6844181132242468,0.0044159532159314275,0.0064062419893089724,59.0,66.0,1.76781182618548,8.840384899150628e-08,1.4453327692262138e-07,182.0,189.0,2.4949732620320857,4.108987639471838e-05,0.00010076803020609508,36.0,68.0,4.187096774193549,8.275570872079709e-05,0.00022431152626952897,23.0,10.0,0.9365213882163035,0.8776379102835186,1.0,23.0,20.0,1.6694051922444955,0.13117200922583333,0.2456493990956515,20.0,17.0,1.8274017405383525,3.0278716743116444e-06,5.7753848602611e-06,127.0,125.0,2.6348012889366275,2.6151185083532213e-25,6.906595034881585e-25,446.0,133.0,2.158168055265122,3.623976504658726e-35,8.114556086518453e-35,474.0,717.0
AAchange:Special>Special,7.540722465886939,0.0,0.0,1585.0,360.0,6.411566535654127,1.4420693833836121e-05,4.243804185386059e-05,19.0,6.0,2.986903879416852,0.03661978140857661,0.058028269001282926,8.0,9.0,16.979181622397704,1.3714129050732774e-12,4.414235288204612e-12,27.0,5.0,2.830288744843842,0.011611477348136383,0.01839972564396996,13.0,13.0,2.937277968668103,8.143552950767109e-05,0.00013106030530140816,36.0,21.0,4.290214797136038,0.06483683194284062,0.13912903521067885,3.0,5.0,67.19372197309417,3.153990525150547e-99,1.709794863634244e-98,490.0,5.0,2.526165284529597,5.253147748467293e-06,8.075734598390018e-06,63.0,39.0,9.298312710911135,2.1909391194747218e-11,7.781611355375736e-11,46.0,7.0,2.2041785375118708,0.33028325898431987,0.4859882239340707,2.0,3.0,3.742953128093447,8.76434325949235e-15,1.8806819910994003e-14,173.0,32.0,5.226990423528469,5.128854507746548e-06,1.0159077198036433e-05,25.0,9.0,6.142488367646122,1.9198288579462287e-21,4.708151723058609e-21,97.0,29.0,6.633899314864462,9.550148821049478e-07,2.5222187912002465e-06,17.0,12.0,2.686382393397524,0.06125410560633188,0.10014560122939974,9.0,6.0,17.242833742833742,6.052277222704888e-09,2.308831681254087e-08,41.0,2.0,2.3483812129502963,0.28908314156624115,0.47262799335433076,5.0,3.0,9.066155707946752,3.222684830909632e-29,1.1064551252789736e-28,110.0,22.0,4.800327653997379,3.074375028646186e-14,5.974728829255796e-14,124.0,20.0,8.067092507908667,2.664040632262283e-87,8.070476033029858e-87,277.0,112.0
RefAA:Aliphatic,0.7981771715743458,1.9589833238098294e-126,4.203651715675259e-126,23470.0,46414.0,0.9572613672162134,0.5055814183651968,0.6505882477748722,516.0,1068.0,0.8406264420858329,0.011497198401600416,0.019736857256080712,372.0,1408.0,0.5589699074782591,6.490825763206286e-17,2.6742202144409897e-16,314.0,1477.0,0.8596778596778597,0.020462233292857995,0.030994265134770195,423.0,1332.0,1.0125665425439772,0.75597514397715,0.8372627938671661,1525.0,2578.0,0.9285730142520978,0.5314485585678415,0.8064526632055535,119.0,892.0,0.11978889588662868,3.766891182636213e-297,9.69974479528825e-296,333.0,1326.0,0.8353930655681429,5.585893262596097e-07,8.8514924007292e-07,1643.0,2913.0,0.8122038060159608,0.011249713878880161,0.020806239817228837,341.0,543.0,0.9321723489493909,0.46138362750924394,0.625296232019107,218.0,755.0,0.8232417833808731,1.0322691207243344e-12,1.9331585351746626e-12,4506.0,3535.0,1.04660178895473,0.36579451284975434,0.46020097312590497,911.0,1650.0,0.8538304566270469,2.91687451021397e-06,4.35417499350781e-06,1830.0,3711.0,0.9193928827812532,0.2448283448164368,0.32329896815503834,340.0,1666.0,0.9239435008863728,0.4514954380048642,0.6118951330855397,214.0,402.0,0.6518378811194936,6.194299070501336e-06,1.876508247828346e-05,299.0,332.0,0.8213750909168699,0.05971804049057446,0.12060702295155235,232.0,371.0,0.6868188445791767,3.318955808649914e-23,9.767212808312604e-23,1421.0,3262.0,0.822319418660305,8.805679432565077e-12,1.5912017220249172e-11,4062.0,3542.0,0.8676598760420797,3.49956692474036e-11,5.5454675884347236e-11,3851.0,13651.0
RefAA:Aromatic,2.7780424398500947,0.0,0.0,7403.0,4750.0,2.3444976076555024,9.383965484092172e-12,4.027285186922891e-11,147.0,132.0,2.402887537993921,4.528729371954068e-10,1.6659254475402464e-09,97.0,141.0,1.6654059193121693,0.0007358873344672277,0.0014301206688702728,76.0,144.0,4.112031038259481,2.4957932368692028e-26,1.1176813191196865e-25,141.0,103.0,1.8313545861932043,2.563195956351782e-13,7.333588430673154e-13,318.0,305.0,1.9629825489159176,7.00239714405265e-05,0.0002326602922056203,56.0,217.0,1.0572636795819697,0.6654497940121713,0.7532014152005895,175.0,106.0,3.8791727847532287,7.730811128741883e-82,3.791778791716257e-81,630.0,272.0,2.326825792661204,4.7724274500665167e-08,1.3285406144779762e-07,113.0,70.0,2.1154929577464787,0.0002664590114062442,0.0006273189461819289,44.0,71.0,2.8925879917184263,4.186614401461937e-84,2.0534346826218074e-83,1480.0,375.0,3.7416627239752036,3.908430060702179e-34,1.916991886915831e-33,242.0,129.0,3.86096308341249,1.640798224003622e-94,8.450110853618654e-94,682.0,347.0,3.3007052986000356,5.388217197387995e-16,2.6427922444331597e-15,91.0,135.0,2.700580270793037,5.970348561846599e-08,2.1962353638221416e-07,78.0,55.0,2.016279069767442,0.0001336269597425709,0.0003058572634107734,102.0,43.0,2.4064987049682127,0.0001343258582294852,0.000542843973219924,51.0,31.0,2.3455142958307515,3.392151591791619e-34,1.2940430146464325e-33,492.0,395.0,3.057076477705003,7.815113258740354e-77,3.4998115897837237e-76,1163.0,312.0,3.0522361031768805,5.1791878662057866e-157,2.319375435735635e-156,1225.0,1367.0
RefAA:Polar/Neutral,0.6290401426732525,0.0,0.0,12441.0,30756.0,0.5718017642827395,5.461983374946057e-14,2.5572013073611083e-13,275.0,866.0,0.6184444717984204,2.3471605478454288e-09,8.058584547602639e-09,213.0,1051.0,0.5585365853658537,2.2248514800251584e-12,6.944233407351252e-12,190.0,950.0,0.6271155178688043,1.4286394967933638e-10,4.4590869142338326e-10,272.0,1116.0,0.7278047970358196,2.686548610543812e-11,7.095243766308016e-11,752.0,1667.0,0.6336631859019919,0.0015577980334974349,0.004719211689712817,58.0,603.0,0.1595405627968357,2.122232156470467e-170,1.9871810192405282e-169,267.0,895.0,0.6827270004381198,1.3020287886931444e-21,3.4386914162921505e-21,1117.0,2356.0,0.5276870163370593,3.3481283288222947e-10,1.1124426382861172e-09,153.0,360.0,0.7557666976940234,0.013157031225485017,0.02556932483443315,117.0,485.0,0.7814590212724369,5.713362482415556e-13,1.1103327088467967e-12,2255.0,1903.0,0.766558634481701,1.3492244125134359e-05,2.6220776318657338e-05,462.0,1072.0,0.6160802130822584,4.967187483711564e-33,1.7054010360743035e-32,962.0,2596.0,0.6122280907883034,2.6053771073296424e-08,7.66725263014152e-08,162.0,1122.0,0.6594025143457882,0.00046957240723827345,0.0011796575108668822,119.0,296.0,0.5293279125476568,3.446400261478214e-08,1.2240662997664002e-07,154.0,214.0,0.5799319727891157,7.677077290416504e-05,0.000343799548223,88.0,196.0,0.7017603849656969,4.476311246283674e-14,1.0977620437314725e-13,750.0,1788.0,0.9205246158363511,0.020877896009375948,0.027569529345714393,2115.0,1739.0,0.6074738951587385,1.0823353347808977e-81,3.185158270926642e-81,1960.0,9481.0
RefAA:Positively-Charged,0.6078290448105308,0.0,0.0,12000.0,30570.0,0.918918918918919,0.2663981778809301,0.3919858903105115,320.0,688.0,1.2428725571153316,0.004113951927318062,0.007995038651203027,307.0,865.0,0.2835454251287128,1.5262718879804095e-39,1.0480400297465478e-38,103.0,948.0,1.2660137873901596,0.0005958377727229623,0.0010766893086046512,396.0,926.0,0.7672162768885789,1.6784578417400314e-09,3.4576231539844646e-09,954.0,2003.0,0.4210273279352227,2.695444874868474e-08,1.633122483008546e-07,42.0,624.0,0.09427643260651805,3.810027240500124e-242,5.606182939593039e-241,173.0,953.0,1.3732838865029022,1.6035972582104057e-15,3.753875399901632e-15,1460.0,1760.0,0.46220095693779906,3.2980365099130944e-15,1.6176083834335655e-14,161.0,418.0,0.533364713164699,1.0474502893940685e-07,3.8531207074138945e-07,91.0,506.0,0.5195662696558958,6.910261930289548e-90,3.7460893622095975e-89,2150.0,2515.0,0.7296691515163984,1.683951269204669e-07,3.690361292086828e-07,467.0,1126.0,0.6203821664951396,1.2492731964973694e-31,4.150810943200937e-31,943.0,2535.0,0.6152481448913161,8.095770494422864e-08,2.316289891459875e-07,152.0,1054.0,0.40956070097072694,1.3132674929284223e-10,5.636106323817813e-10,67.0,257.0,0.5654932858897784,4.6005303606455243e-07,1.528563313375771e-06,164.0,215.0,0.6889357203369064,0.002612862439625195,0.007689280893754145,123.0,233.0,0.4875865687747497,6.8706101225159665e-46,3.2166947391779296e-45,541.0,1774.0,0.5195511320076258,1.2973065066132682e-66,5.139329622352563e-66,1414.0,1890.0,0.6286192442442442,8.447354906374824e-71,2.2896777772542286e-70,1972.0,9280.0
RefAA:Negatively-Charged,1.1765316279867521,2.410395599345001e-28,3.2667203517438827e-28,8665.0,12603.0,1.0475297060662914,0.6104300035504852,0.7485034567345236,201.0,387.0,1.1629399034940597,0.16049951587181066,0.22645822102460958,136.0,397.0,3.8329760781960043,9.843532942438787e-54,1.013883893071195e-52,330.0,321.0,1.1669429479209836,0.09804557097481018,0.1383382713754171,186.0,456.0,1.6235388956066101,6.524074002766808e-19,2.3999272224463613e-18,742.0,827.0,1.0091534514925373,0.927561782903253,1.0,38.0,268.0,0.4482232518076901,7.464047180499707e-26,2.0231496305038682e-25,317.0,429.0,0.9036710549208374,0.08760458873807059,0.11003991024416183,504.0,860.0,0.7249785488439884,0.030497031637178235,0.04759741341260426,74.0,137.0,1.8059716966461044,1.4137682749861073e-05,4.1605180663876877e-05,98.0,191.0,1.284349175002665,9.195404321834185e-09,1.552666631391674e-08,1615.0,884.0,0.9888906469974886,0.9035159470592526,0.9693973181989899,257.0,485.0,1.2623868797385145,6.651305864212167e-06,9.649077521321877e-06,713.0,1048.0,1.378636245786881,0.0038785838626409536,0.007008669085123127,121.0,418.0,1.657226432655232,0.001676854386855739,0.0035982500384612735,82.0,92.0,1.58792573320719,0.0002046468235330843,0.0004301759759981159,205.0,112.0,2.180493649652528,4.314552932908743e-06,2.4688830671644474e-05,94.0,65.0,1.316399047134926,2.176771884361695e-05,4.00370543016526e-05,457.0,631.0,1.2943896504452401,3.034897040635307e-07,4.7362787149308577e-07,1119.0,678.0,1.1396801494974957,8.588273964056662e-05,0.00011197369851871345,1376.0,3917.0
RefAA:Special,2.0648606493387858,0.0,0.0,23334.0,22095.0,1.5586410725433615,1.804754851685194e-08,5.996443539470161e-08,341.0,471.0,1.1712209150326798,0.05976274171780231,0.08793660567048055,232.0,680.0,2.830868435114158,1.2620320959729655e-42,9.284950420372532e-42,407.0,545.0,0.9172122859785288,0.25614487469518454,0.33396103915954445,292.0,883.0,1.0693802381074802,0.21587771930253213,0.27116347668488794,651.0,1047.0,2.2841921439550625,1.7275341141551095e-10,1.2709715268426876e-09,109.0,397.0,19.640853361026682,0.0,0.0,5915.0,883.0,0.8995882785513127,0.00993789926629176,0.013123123390103221,1165.0,1974.0,3.1165960962511616,1.9490009394109517e-40,2.230523297325867e-39,474.0,276.0,1.5214833303619184,0.00028317544683976325,0.0006481571338776803,136.0,316.0,1.9430813451652003,6.5130791443889915e-83,3.049305235782119e-82,3320.0,1311.0,1.144591705857204,0.03707523644993712,0.05091665805791364,459.0,765.0,1.6986339991038142,2.044872639532583e-40,7.522210066852002e-40,1459.0,1714.0,1.59890967201231,7.833791079265438e-09,2.521501503638563e-08,270.0,857.0,1.6812760055478502,8.71880284118221e-06,2.641284390122846e-05,176.0,206.0,2.9652530360494964,4.412231563591685e-22,3.029732340332957e-21,338.0,113.0,1.646159193604449,0.00013702857576425266,0.000542843973219924,148.0,137.0,2.5963180775546877,8.535946819822158e-103,6.763096326474479e-102,1407.0,1162.0,1.5504225556250113,1.2717322225597256e-32,3.6385671923236593e-32,2459.0,1311.0,1.842145069107859,5.40813944614603e-145,2.0631050479742265e-144,3576.0,7047.0
Grantham:Mild,0.3424434885314094,0.0,0.0,17413.0,61983.0,0.47036380541471434,1.478329673992079e-32,1.171291972470647e-31,423.0,1427.0,0.4377461530210976,6.937506441063417e-35,4.763754422863546e-34,338.0,1958.0,0.3056966643263261,2.4262724268186758e-65,4.16510099937206e-64,267.0,1890.0,0.4865648606936886,3.0130928485003848e-31,1.724158685530776e-30,410.0,1894.0,0.4338944544991736,1.4877700960081884e-102,1.2770026657403617e-101,1195.0,3570.0,0.42973608505315825,2.649553239266038e-13,2.4809453058581993e-12,97.0,1230.0,0.06671877014990146,0.0,0.0,293.0,1788.0,0.4943265010352824,2.9504868499516827e-90,1.5195007277251167e-89,1523.0,3866.0,0.2335924557155601,1.3755524955091508e-65,7.084095351872126e-64,195.0,770.0,0.39514489807770486,4.6771896441085835e-23,5.352783703813157e-22,168.0,1028.0,0.3092344775092752,0.0,0.0,3224.0,4870.0,0.33914714319866124,1.0279318057456415e-95,1.3234621998975133e-94,573.0,2256.0,0.35503312243352214,1.612039747576548e-203,1.6604009400038446e-202,1380.0,5107.0,0.44553864326479253,3.9335948058911327e-29,3.1166174231291282e-28,269.0,2156.0,0.3686746987951807,6.426927179066018e-21,3.8939617614341164e-20,136.0,498.0,0.31582020389249305,1.3008147151479804e-33,1.33983915660242e-32,222.0,415.0,0.37503998823334744,8.594982324488484e-22,1.4754719657038564e-20,191.0,499.0,0.28700974885251834,2.4920398009290303e-218,1.2834004974784506e-216,939.0,3984.0,0.3597286310059517,6.637975330385617e-263,6.837114590297185e-262,2746.0,4199.0,0.3571554245350142,0.0,0.0,2824.0,18578.0
Grantham:Moderate,0.9157828875681306,5.867744726005447e-24,7.74843213818668e-24,34213.0,60788.0,0.9022374700951894,0.08449513252567661,0.14037094597007568,724.0,1543.0,0.918402247958165,0.18628607358270016,0.25246665235550153,533.0,1877.0,0.789626573612979,0.00018169728496677748,0.00035990039137650154,505.0,1804.0,0.7798855090358064,1.6785167505862533e-05,4.020633146753118e-05,648.0,2114.0,1.1321304832326433,0.0006885622001664537,0.0010278537190890542,2097.0,3323.0,0.8050359274144441,0.048630757047843066,0.10889060817234426,146.0,1190.0,0.7472933061214885,3.611090408076691e-14,7.292986510429395e-14,2694.0,2046.0,0.7032498877058463,1.3831276130663766e-27,4.3170346710859635e-27,2424.0,4632.0,0.7510630220197418,0.0001513749054726081,0.0003389481579060573,438.0,720.0,1.0982165443966607,0.29419424877881045,0.43915953078576053,302.0,944.0,1.1403522701015831,4.352100807820039e-07,6.690543032917373e-07,6232.0,3950.0,1.0286334565342472,0.5674075796556248,0.6662981750770669,1155.0,2122.0,0.9018821051237175,0.0009806529194518062,0.0012949647526094364,2571.0,4960.0,0.8472657711980704,0.014178125340935458,0.024751642544344952,441.0,2249.0,1.0438333596228333,0.6734003301000562,0.8356654698832023,307.0,532.0,0.6340128963317218,1.636780227390457e-07,5.619612114040568e-07,421.0,454.0,1.2575187969924813,0.021959271059216134,0.05516597363656736,299.0,364.0,0.9382793056026121,0.08129395987399302,0.10734971624386257,1839.0,3404.0,1.0275986461553472,0.3296636316596163,0.37313575891143386,5006.0,3783.0,0.8805632063978807,1.3526844730762266e-10,2.0795000108485274e-10,5431.0,18777.0
Grantham:Substantial,2.6244864915743027,0.0,0.0,21850.0,16607.0,2.293324856961221,1.5895257301281486e-27,1.0232571887699956e-26,425.0,429.0,2.81733136176505,8.166781183628394e-36,6.008417585098032e-35,324.0,455.0,2.2855059070812493,2.0258025067727068e-24,9.936078961789944e-24,325.0,504.0,2.374962404977719,1.9131296589923672e-31,1.159131499271846e-30,404.0,555.0,2.283136879275467,1.527355943301862e-67,8.7398701200051e-67,1161.0,999.0,1.8046427582588929,8.343774491957273e-06,3.305418356429227e-05,96.0,421.0,3.346043712628149,4.4381816665975215e-139,2.8570794478721543e-138,2297.0,566.0,2.6902936000106688,3.7853758838660104e-123,2.436835725238744e-122,1660.0,1142.0,2.4811239103084595,1.2956761090338507e-22,8.340914951905414e-22,354.0,233.0,2.5274724427062845,2.3190596732180748e-15,1.4050773314203629e-14,157.0,237.0,2.656360243405232,4.084775240758372e-173,4.207318497981123e-172,3706.0,1128.0,2.6791978805042937,1.8023674229650123e-56,1.1602740285337267e-55,693.0,572.0,2.6380898926477734,1.5355024882260398e-122,9.884797267955131e-122,1587.0,1283.0,2.5040904031910833,4.594336706659532e-26,3.3801191484709413e-25,263.0,564.0,2.426285714285714,6.61772958747955e-13,3.587506039528388e-12,176.0,150.0,2.775132588079888,2.2735915599024875e-18,1.2325259508945064e-17,305.0,106.0,2.5139440325281033,2.748849742660399e-12,2.5739229408547374e-11,171.0,111.0,2.3891562152220005,1.2310730198889184e-79,7.925032565534912e-79,1241.0,1077.0,2.8420850085421816,1.0156407940896743e-171,6.538187611952278e-171,3090.0,997.0,2.5296409674324725,1.0184461278781074e-293,6.556246948215316e-293,3415.0,5078.0
Grantham:Severe,3.3607764856576194,0.0,0.0,13837.0,7810.0,2.3144823137297066,8.386784363717612e-17,4.1135180450614954e-16,228.0,213.0,2.3078302450687387,2.546762871090135e-14,1.092985732176183e-13,162.0,252.0,6.609927902544128,7.585965646790234e-86,1.9533861540484852e-84,323.0,187.0,3.05938586483403,3.31477346602689e-31,1.796956142109314e-30,248.0,253.0,1.6199046741564544,2.2025459286035142e-13,6.481778018461771e-13,489.0,535.0,4.347400442477876,1.573648453453291e-20,1.8009532300632108e-19,83.0,160.0,8.222937168811507,5.651575835702394e-245,9.70187185128911e-244,1896.0,192.0,3.167642178878134,8.28268694820777e-92,4.4900881877126337e-91,912.0,495.0,7.090534979423868,5.191076512183419e-64,1.7822696025163073e-62,329.0,81.0,2.3589626239511823,7.564831661021852e-08,2.8858431892046324e-07,77.0,115.0,2.844482733561042,1.0498090410868861e-117,7.723595087996377e-117,2164.0,575.0,2.78273589843383,2.9554198474425486e-35,1.5220412214329126e-34,377.0,277.0,3.5840260213956636,7.486454653407135e-131,5.5078916378638204e-130,1051.0,601.0,2.9414219255589975,8.198509529487593e-23,5.277790509607638e-22,163.0,283.0,1.7424777867528272,6.6420407156561e-05,0.00018490005235475087,117.0,128.0,5.980426629160807,8.042451248459639e-41,1.0354655982391785e-39,314.0,54.0,1.8731249519218443,0.0005157590289463109,0.0016600993744209382,75.0,59.0,4.039216373050678,2.0787071390404133e-145,2.3789648369018063e-144,1049.0,547.0,2.5029831026737357,2.797427349256888e-72,1.1525400678938377e-71,1490.0,493.0,3.6045942346713553,0.0,0.0,2290.0,2310.0
Intra:HB_intra,3.918209831918571,0.0,0.0,61369.0,55408.0,5.590875093492895,9.30986133279688e-173,3.1963857242602624e-171,1380.0,1337.0,4.589750868903441,6.852751112291335e-125,3.5291668228300375e-123,946.0,1517.0,2.715587027428977,1.9400183467771946e-58,2.497773621475638e-57,867.0,1605.0,7.601983644902178,6.453559893035907e-247,2.215722229942328e-245,1055.0,842.0,7.590527119938884,0.0,0.0,3864.0,2703.0,3.4317162294643655,1.467953436418989e-25,2.159988627873655e-24,340.0,1642.0,0.6108719267519453,4.8050310326919054e-21,1.1509725496913169e-20,886.0,860.0,10.36438147649435,0.0,0.0,4752.0,2088.0,2.3805040996052234,1.042706506807197e-31,8.949897516761774e-31,871.0,814.0,3.918504314477469,8.292833429072946e-50,2.8472061439817114e-48,536.0,1043.0,3.052586925856903,0.0,0.0,12536.0,6266.0,5.558385410525489,3.4858641774948685e-241,1.7952200514098572e-239,2281.0,2313.0,5.028192621593944,0.0,0.0,5163.0,5003.0,3.7528078310149406,1.6247934423034673e-85,3.347074491145143e-84,781.0,1941.0,5.993761140819965,4.2149678030237864e-76,1.085354209278625e-74,538.0,408.0,5.663383975402423,2.699332111042977e-84,6.950780185935666e-83,977.0,388.0,3.297807838637599,1.001491965912204e-28,2.0630734497791405e-27,591.0,571.0,2.46848635235732,8.931176283209675e-129,8.362828701550878e-128,3768.0,4867.0,5.451771250733865,0.0,0.0,10557.0,4942.0,3.5149033822585514,0.0,0.0,8680.0,14258.0
Intra:SB_intra,1.9363243968108212,0.0,0.0,7784.0,7082.0,2.038600313159507,3.228789068868973e-12,1.4459359743195837e-11,212.0,222.0,2.7813923549217665,2.713482519481259e-20,1.3308985690789032e-19,169.0,221.0,1.1607390556511126,0.28232902774774626,0.3877318647735715,75.0,201.0,3.190464011088743,4.121351332482631e-23,1.7687466135237957e-22,166.0,157.0,3.675669716162327,6.258977004514051e-86,4.2978308764329815e-85,679.0,350.0,1.330177627961462,0.11587828306843959,0.23321807367694752,40.0,219.0,0.24547368421052632,1.1805683952977224e-20,2.643446624253596e-20,55.0,140.0,4.530548506734335,2.4216029536812597e-95,1.3856950234953876e-94,633.0,235.0,1.1118764783863169,0.5211660607180413,0.6390488601661697,75.0,93.0,2.4538130641271105,2.346500375672092e-09,1.0070397445592729e-08,90.0,131.0,1.3031235112903738,5.007546623342794e-10,8.74198817295437e-10,1710.0,925.0,1.6148563910812463,1.6343472357226224e-08,4.0080420304626215e-08,285.0,343.0,1.6202276577129986,6.299217591799824e-17,1.4418209154564042e-16,620.0,720.0,1.4938812058501643,0.0036088391600472927,0.006637686312229841,78.0,247.0,2.8026315789473686,6.793015549505023e-08,2.3859230369652256e-07,71.0,48.0,1.9721908310680798,1.9550106626187227e-05,5.44232697972239e-05,133.0,58.0,1.9781374588316867,3.355592176037735e-05,0.00017281299706594337,95.0,72.0,1.9753549480822208,2.57802977906263e-19,6.987817559038182e-19,388.0,363.0,2.0772774976322728,1.8012813065052064e-40,5.797874205313633e-40,1170.0,455.0,1.8332154384210197,4.177183876579731e-49,1.0005812541574704e-48,1040.0,1882.0
Intra:DS_intra,71.52662759415834,0.0,0.0,4049.0,100.0,inf,0.1105779022038133,0.175223445030658,2.0,0.0,13.424981522542499,0.011391782679729347,0.019736857256080712,4.0,1.0,107.29375336564351,6.181817622694245e-106,3.183636075687536e-104,182.0,6.0,,1.0,1.0,0.0,0.0,3.411336032388664,0.5593242662868505,0.6546636298584727,2.0,1.0,40.671394799054376,3.629413866322802e-34,1.246098760770829e-32,46.0,9.0,163.8925648615706,1.2366e-320,4.2458e-319,1437.0,7.0,21.85518410106301,6.410647668325813e-10,1.222771684884368e-09,28.0,2.0,66.3897389738974,2.0332799839806326e-73,2.0942783835000517e-71,205.0,5.0,inf,8.27978037347675e-06,2.508286407259133e-05,8.0,0.0,27.85523455078848,1.163961231833873e-53,4.281714531388889e-53,279.0,7.0,50.92096715987008,7.582449975356635e-12,2.2314067070335242e-11,27.0,1.0,80.25751969308301,2.9720581298841474e-123,2.0408132491871145e-122,296.0,7.0,216.58570119156738,3.2907289405348084e-33,3.766056454167614e-32,45.0,1.0,inf,7.726304328793554e-13,3.979046729328681e-12,27.0,0.0,64.78982092365693,6.668563291677752e-51,1.373724038085617e-49,201.0,3.0,inf,0.029821387474796367,0.06825784244231169,4.0,0.0,36.17718575705536,1.0120546538075211e-200,3.4747209780724894e-199,530.0,29.0,26.394883568383076,1.3682840649337998e-28,3.7087699654784577e-28,136.0,4.0,116.09987240969686,0.0,0.0,590.0,17.0
Intra:NB_intra,4.805501258015243,0.0,0.0,70426.0,68387.0,7.844639721461521,1.4647876403590517e-207,1.5087312695698232e-205,1553.0,1607.0,4.674920603666744,4.744101559275501e-119,1.6288082020179222e-117,1050.0,1919.0,4.094819226585944,6.312036821679624e-96,2.1671326421100045e-94,1142.0,2196.0,7.8848512377924145,5.0411230908206444e-263,2.596178391772632e-261,1192.0,1088.0,11.695617700632166,0.0,0.0,4312.0,3111.0,4.4053388363733195,2.3653898864450003e-22,3.045439478797938e-21,387.0,2146.0,0.62010999728758,4.167239026363594e-25,1.0730640492886255e-24,1256.0,1170.0,12.600152962019301,0.0,0.0,5377.0,2757.0,4.001615726403663,3.3822754438977316e-59,6.967487414429328e-58,1120.0,1061.0,5.111947616486888,2.25430061052606e-57,1.160964814420921e-55,603.0,1252.0,5.303965850116017,0.0,0.0,14357.0,7749.0,8.099309476655993,3.667300236778413e-274,3.777319243881765e-272,2526.0,2792.0,8.355409784162697,0.0,0.0,5944.0,6268.0,4.720086139747996,2.350851624057808e-102,8.071257242598476e-101,911.0,2425.0,14.51639344262295,3.9661119987925414e-119,4.085095358756318e-117,672.0,549.0,14.878409647132115,2.3112367560503374e-147,2.3805738587318475e-145,1163.0,454.0,5.848725490196078,8.38931488224165e-41,8.6409943287089e-39,676.0,680.0,3.685293367346939,4.944783750670646e-193,1.2732818157976913e-191,4428.0,5880.0,10.322314057485391,0.0,0.0,11604.0,5749.0,4.1385012222416675,0.0,0.0,10153.0,17534.0
Function:Active site,89.13636885490574,3.4084844332675274e-84,6.269176725474202e-84,211.0,4.0,inf,0.33259423503325947,0.4507527132687596,1.0,0.0,inf,0.05288790606611773,0.07921162958491022,2.0,0.0,,1.0,1.0,0.0,0.0,,1.0,1.0,0.0,0.0,inf,0.01865876113615887,0.024959122039277446,4.0,0.0,,1.0,1.0,0.0,0.0,,1.0,1.0,0.0,0.0,,1.0,1.0,0.0,0.0,,1.0,1.0,0.0,0.0,,1.0,1.0,0.0,0.0,48.27871001573151,3.997075737858307e-15,8.949973934769689e-15,70.0,1.0,,1.0,1.0,0.0,0.0,66.00644468313641,3.9988889602085094e-30,1.2481380693984134e-29,72.0,2.0,,1.0,1.0,0.0,0.0,,1.0,1.0,0.0,0.0,,1.0,1.0,0.0,0.0,,1.0,1.0,0.0,0.0,inf,3.622850392710621e-09,7.9394380946637e-09,19.0,0.0,inf,0.021415544503741626,0.02792153270740997,7.0,0.0,115.67882792301063,9.623226803247566e-22,1.8021679286081804e-21,36.0,1.0
Function:Binding site,20.20881738544376,0.0,0.0,2348.0,201.0,43.60279557367502,2.761048406691714e-35,2.3698998824103884e-34,83.0,4.0,40.056732223903175,1.3142861661435912e-19,6.153248868763177e-19,35.0,3.0,350.0532319391635,2.524607512935094e-64,3.714779626175924e-63,105.0,1.0,31.37608695652174,2.4563781733125775e-26,1.1176813191196865e-25,54.0,5.0,9.38564969761024,1.6786234337531636e-20,6.649931295252918e-20,76.0,14.0,0.947936507936508,1.0,1.0,2.0,15.0,1.279186402897743,1.0,1.0,2.0,1.0,inf,1.923757661486522e-33,7.076679969039706e-33,80.0,0.0,inf,2.271844896026902e-06,5.850000607269273e-06,15.0,0.0,34.015037593984964,3.96063669573036e-21,4.079455796602271e-20,39.0,4.0,7.200699200913242,6.217685309165672e-93,3.557897704689246e-92,734.0,73.0,24.80235576923077,1.9240486414504923e-72,1.8016091824490972e-71,198.0,16.0,28.723222748815164,6.166188679388466e-95,3.342723336721116e-94,259.0,17.0,inf,0.0009957848576125179,0.002093180414981415,4.0,0.0,inf,0.0021512865016528764,0.004522092034086658,6.0,0.0,8.897560975609757,3.56868298385629e-06,1.1486698354287433e-05,32.0,3.0,inf,5.794799436145755e-10,4.263316728021519e-09,24.0,0.0,94.38356164383562,8.330907509115602e-44,3.575347805995446e-43,104.0,2.0,8.786155436453818,3.7374131370628736e-33,1.09986729462136e-32,214.0,19.0,38.41557610761807,6.935549872048243e-145,2.5512915600748892e-144,282.0,24.0
Function:Site,9.448685808316897,8.920743680125661e-63,1.5313943317549051e-62,246.0,44.0,6.028380634390651,0.11037316672866038,0.175223445030658,3.0,1.0,3.3488200589970503,0.4071900732524108,0.46600641716664787,1.0,1.0,,1.0,1.0,0.0,0.0,0.0,1.0,1.0,0.0,2.0,,1.0,1.0,0.0,0.0,0.0,1.0,1.0,0.0,1.0,1.2792642140468227,1.0,1.0,4.0,2.0,5.188713063962719,0.008053824759670475,0.010773298055143621,10.0,3.0,7.856556325378496,0.00011749021902149815,0.00026892205687142906,17.0,3.0,inf,0.05399576423374133,0.0942637917978874,2.0,0.0,3.780351542080502,0.008490343408450559,0.011069688241397565,22.0,4.0,12.722933958859617,2.5201746639710163e-09,6.655845907410632e-09,27.0,4.0,25.49702789208962,4.770808000482167e-11,9.449869693262754e-11,28.0,2.0,10.848243283141423,0.00040196048621452,0.0008625402100019909,7.0,3.0,,1.0,1.0,0.0,0.0,26.262798634812288,2.1546889770741752e-20,1.3054880272861178e-19,90.0,3.0,,1.0,1.0,0.0,0.0,4.00632536074323,0.018344948611516167,0.025534185229542775,9.0,4.0,3.074350649350649,0.07328613242941598,0.08986275762178389,12.0,3.0,5.613527176251255,8.003236812957956e-05,0.00010568376817111148,14.0,8.0
Function:DNA binding,16.553219960710337,0.0,0.0,2587.0,271.0,8.089686098654708,2.3479385507700717e-05,6.536153262954523e-05,16.0,4.0,0.0,0.3634892069303699,0.4254475944753193,0.0,7.0,,1.0,1.0,0.0,0.0,6.61753144654088,5.073494778374802e-05,0.00010664693105563359,14.0,6.0,,1.0,1.0,0.0,0.0,,1.0,1.0,0.0,0.0,0.11603637376833253,0.0010206110433335195,0.0015235208328022102,2.0,11.0,29.95831892826275,0.0,0.0,2514.0,208.0,,1.0,1.0,0.0,0.0,,1.0,1.0,0.0,0.0,,1.0,1.0,0.0,0.0,0.0,1.0,1.0,0.0,1.0,,1.0,1.0,0.0,0.0,,1.0,1.0,0.0,0.0,,1.0,1.0,0.0,0.0,,1.0,1.0,0.0,0.0,,1.0,1.0,0.0,0.0,,1.0,1.0,0.0,0.0,,1.0,1.0,0.0,0.0,3.8733956546912176,9.893431319470488e-09,1.4352442618386765e-08,41.0,34.0
Function:Zinc finger,1.643892902910624,1.0785292029555168e-42,1.6580374314092274e-42,1535.0,1585.0,5.025928041119361,1.4716333231087308e-10,6.063129291207971e-10,49.0,20.0,0.4353284952796866,0.24096130254383802,0.31023767702519145,3.0,23.0,,1.0,1.0,0.0,0.0,5.9636591478696745,3.070060270587137e-29,1.5057914660498816e-28,114.0,57.0,0.0,0.5339415671695809,0.633897424484254,0.0,2.0,,1.0,1.0,0.0,0.0,,1.0,1.0,0.0,0.0,1.102279594183021,0.05370182426349359,0.06914109873924801,754.0,1075.0,,1.0,1.0,0.0,0.0,0.3282051282051282,0.13383370963647145,0.22233664665413808,2.0,20.0,3.2642091853400403,0.0313650553065559,0.039883959216978494,19.0,4.0,1.3084557506270154,0.6147487475464333,0.7035457888586958,7.0,10.0,2.9857433080529754,1.679731357509784e-27,4.943209423528793e-27,255.0,159.0,2.707410687924417,0.0625812601530631,0.09376752784352067,7.0,12.0,0.0,0.5573327375981565,0.7175658996576265,0.0,3.0,,1.0,1.0,0.0,0.0,,1.0,1.0,0.0,0.0,,1.0,1.0,0.0,0.0,0.0,0.18870573445091737,0.218389782566792,0.0,2.0,5.362434391587307,2.5935922143378465e-78,7.420555502133283e-78,325.0,198.0
Domain:Region/Disordered,0.3007538537229842,0.0,0.0,6864.0,32528.0,0.1152619589977221,6.427308444478056e-72,9.45732528258914e-71,44.0,645.0,0.25090725740654923,2.453020468854032e-65,2.8073456476885032e-64,153.0,1527.0,1.1399547636998533,0.20680645495353533,0.29179540904402934,144.0,395.0,0.12232949876746096,5.494102855069794e-203,1.414731485180472e-201,190.0,2434.0,0.08221876382304585,1.1823745246745882e-259,3.0446144010370645e-258,109.0,1814.0,0.07045112781954888,5.068974511959367e-09,3.480695831545432e-08,2.0,190.0,2.9544107640641806,6.822472721717901e-170,5.855955752807865e-169,4038.0,1392.0,0.15459924296079636,0.0,0.0,465.0,3364.0,0.4037148092620356,5.630481059571195e-12,2.1479242560586413e-11,74.0,232.0,0.13504295570585617,1.236656724074113e-30,2.1229273763272275e-29,21.0,431.0,0.07747676260119114,3.979220057017391e-181,4.5539962874754585e-180,83.0,691.0,0.07997763013748095,8.936899235235456e-167,1.5341677020487532e-165,67.0,1227.0,0.10873893418383246,2.4989696667963187e-286,3.2174234460002604e-285,171.0,2352.0,0.11981865979934546,3.1043307137140755e-76,5.329101058542497e-75,46.0,1368.0,0.07719274590440235,7.751764859926518e-24,5.322878537149543e-23,8.0,163.0,0.07472178060413355,2.8160275720136278e-11,1.1602033596696147e-10,4.0,42.0,0.1017910447761194,2.1818995348489094e-21,3.210509315563395e-20,11.0,134.0,0.0538989355107246,1.2074692393119616e-85,8.883523689223717e-85,18.0,559.0,0.05682606093157312,0.0,0.0,127.0,1466.0,0.22820328736313936,0.0,0.0,1089.0,12102.0
Domain:Region/Interaction,1.3307622406979331,1.1099834725766796e-42,1.681298495226441e-42,4335.0,5560.0,0.8280663656970875,0.018728641114438976,0.03444732204977169,261.0,614.0,4.5191925465838505,4.1561673167683774e-61,3.891683942064935e-60,307.0,276.0,0.5964714714714715,0.07762103049724449,0.12492134595650285,14.0,72.0,1.3606403026220506,0.0004282885315291589,0.0007877449776339886,227.0,487.0,0.7132192152875468,1.887609581610236e-05,3.295318422133124e-05,234.0,549.0,14.54368932038835,1.2406900215587401e-06,6.389553611027512e-06,10.0,5.0,1.446269290669687,0.031669421360293874,0.04292040000145091,117.0,52.0,4.717758387622284,1.2274510619172038e-179,9.030532812676571e-179,1181.0,454.0,2.7469512195121952,0.24769974783112828,0.3494941647480303,4.0,2.0,0.43091655266757867,0.0008050186604989617,0.0018025417832911537,16.0,119.0,0.45510971238744646,1.5535042719191134e-07,2.4617067693487487e-07,74.0,111.0,1.0446069417308355,0.7833183590519056,0.8583169253441093,86.0,154.0,0.8920940508126874,0.15274895676599887,0.17481269496553203,252.0,510.0,1.2069466848514638,0.1897611338882948,0.26060529053992487,70.0,271.0,0.1765986394557823,0.11024210266789475,0.1720444935574721,1.0,10.0,0.0,0.000326132386638285,0.0006459929966104492,0.0,10.0,1.2618402752360736,0.49902527019794085,0.7138833726442765,17.0,19.0,3.3466502765826673,2.1931269431119097e-23,6.643884562956667e-23,187.0,102.0,4.4516547534398665,5.196300527092254e-46,1.7840631809683404e-45,456.0,81.0,1.619703798384926,8.527282586348871e-27,1.7566202127878673e-26,821.0,1662.0
Domain:Region/Others,1.593434560905007,1.2841660784037455e-268,3.2260757579411166e-268,12305.0,13739.0,1.5267175572519085,2.9844075443988826e-05,7.881896848027818e-05,192.0,262.0,1.5579426876423539,5.409968030254894e-05,0.00014287864285032154,139.0,310.0,0.2630642417314502,1.0842614879342089e-15,4.295343586816289e-15,29.0,322.0,1.4579172687471693,0.0014479445675036231,0.0025277676347944607,118.0,233.0,0.8391890190152373,9.162139026174929e-06,1.685179142314317e-05,1372.0,2647.0,0.084606788860348,7.119441077117269e-30,1.2221707182384647e-28,10.0,669.0,2.1848607595031875,1.453709154797963e-92,7.130097283056676e-92,4611.0,2071.0,1.9049441156321938,2.6657190847245075e-25,7.844830449332123e-25,610.0,521.0,1.7706451699873285,0.02331640318637577,0.03894986754935127,37.0,29.0,2.7601600173662257,6.75773787186394e-19,4.9717642914427554e-18,171.0,242.0,1.07087683617139,0.1533562836727994,0.17169236106846023,1204.0,776.0,1.7492124886640026,1.0646074941547728e-08,2.6745017536083315e-08,219.0,242.0,1.3356729829476133,5.737136591215986e-06,8.441786698503522e-06,458.0,633.0,0.6214030654287754,0.0022861507252914717,0.00461712793539258,46.0,334.0,0.004288953676708779,2.6657738507807996e-66,3.922495809006033e-65,1.0,315.0,1.56465616375345,0.0008879881488750625,0.0017257128176251214,175.0,96.0,0.6187617904304579,0.06620856104041087,0.1311438805223523,22.0,49.0,3.7467815924152297,4.28418011913539e-56,2.206352761354726e-55,414.0,209.0,0.6836239262045714,1.963773173349403e-06,2.9745387772792426e-06,307.0,341.0,2.2112746280778466,6.093868096985187e-152,2.414109284574901e-151,2170.0,3438.0
Domain:Motif,3.0297507932097396,1.4738450728151625e-53,2.409619722221615e-53,512.0,286.0,4.458385093167702,7.164011742243801e-10,2.7329378127818947e-09,50.0,23.0,5.015405330481961,7.067518630564238e-08,2.141042408670931e-07,28.0,19.0,9.281580804516585,0.04774816191518948,0.07932355931071801,3.0,1.0,3.891112419070041,0.003383260763384519,0.005620578364977508,11.0,8.0,1.8964585022979183,0.16182771025066128,0.20578091550392733,10.0,9.0,5.396033653846154,0.004263099276630668,0.011258954499819456,6.0,8.0,1.2085408038221106,0.6929470692312569,0.7757994362045595,17.0,9.0,3.0002551237350117,1.4297191159547917e-11,2.945221378866871e-11,105.0,55.0,1.3711026615969581,1.0,1.0,1.0,1.0,8.304721030042918,0.009211190362497498,0.018245242448793123,5.0,2.0,0.524652256252857,0.09339962084304364,0.10932001075947152,13.0,17.0,2.817772170151406,0.0013157267929022798,0.0020849209179836124,24.0,16.0,3.7547189597315436,7.299397576350604e-06,1.0442193755057115e-05,33.0,16.0,2.7786407766990293,0.15635363947089617,0.21762736304732846,3.0,5.0,inf,0.36007827788649704,0.5151119808654055,1.0,0.0,inf,0.06871971455980039,0.09969198027689352,5.0,0.0,1.4040816326530612,1.0,1.0,1.0,1.0,5.946909667194928,3.3585101300643395e-05,6.068886726256614e-05,20.0,6.0,8.333606490207327,5.088289974751693e-20,1.2188229474405217e-19,129.0,12.0,1.934415700497782,0.0006741884402651275,0.000807458248224513,47.0,78.0
Domain:Coiled coil,0.46844980826204613,2.379938598882168e-112,4.902673513697265e-112,1015.0,3605.0,0.28627015008337964,0.28313559318932024,0.39949268628082174,1.0,7.0,0.34632393587617466,0.0033702987202091864,0.006806681729049926,7.0,67.0,0.0,0.0009596624671387947,0.0018304672984314047,0.0,26.0,0.17312206572769953,1.5956626112763927e-07,4.2141858708068834e-07,6.0,96.0,0.9389555099479282,0.2803592337807157,0.347915675655587,534.0,963.0,0.0,0.6223083552294459,0.8661859539004451,0.0,10.0,0.01881786387094896,2.707801403611065e-25,7.151372937742044e-25,2.0,67.0,3.2804496325118895,1.6251305109298618e-11,3.282126325995603e-11,94.0,45.0,0.3636178861788618,0.0659131173706568,0.09983898660555368,4.0,15.0,0.3833390663887821,5.403310817330215e-07,1.919106945465559e-06,27.0,219.0,0.0,1.546191126066666e-08,2.568672354594623e-08,0.0,20.0,0.24283447911158118,1.834289826661883e-05,3.498738002706925e-05,8.0,61.0,0.1569144486692015,3.606324164271487e-17,8.442077020908253e-17,14.0,160.0,1.006444361183964,1.0,1.0,37.0,170.0,0.027342549923195084,2.0851712179665416e-11,9.762392520479717e-11,1.0,62.0,0.0,0.00364615200562976,0.006588660641752023,0.0,7.0,0.27972789115646257,0.41044770226654337,0.6389132284901318,1.0,5.0,0.0,0.5575781075917707,0.6526198304767317,0.0,3.0,0.5032085127122086,0.017515379227613752,0.02342966312265216,21.0,32.0,0.5177836328696261,2.798680244174995e-25,5.438944625472161e-25,258.0,1570.0
Domain:Compositional bias,0.3216290874537821,0.0,0.0,2455.0,12147.0,0.08490116992759977,2.5779840329206093e-28,1.770215702605485e-27,10.0,223.0,0.43984212116259835,3.487347605826417e-14,1.4367872136004838e-13,91.0,638.0,0.38380174358349084,1.2922140408063972e-06,3.246293809830705e-06,24.0,188.0,0.1619529287890426,1.2811522122869802e-75,1.0996556488796581e-74,75.0,1063.0,0.09617156862745098,3.6301795119377395e-100,2.876219151766055e-99,46.0,750.0,0.10729033436871917,0.0036210700943201503,0.01008027620851285,1.0,65.0,1.9606099822602197,6.512487482287463e-35,2.032685486895784e-34,1365.0,491.0,0.18741856245795735,1.3371309965112495e-128,9.181632842710579e-128,173.0,1287.0,0.5099406145107153,0.003586427546321082,0.007243177201393557,25.0,66.0,0.20833685992382564,2.974225025541722e-08,1.1782506831953746e-07,9.0,136.0,0.08988538806815706,4.165755162529878e-53,1.4795613163468188e-52,28.0,210.0,0.11210003125329153,1.2611633851286837e-49,7.216657148236358e-49,27.0,418.0,0.12897535855403655,5.220590635544836e-96,2.9873379747839898e-95,65.0,857.0,0.17428719861820147,1.3020236066113513e-21,7.888731263586423e-21,19.0,467.0,0.06924068848231138,2.358978690150631e-11,1.0564121960239783e-10,3.0,73.0,0.06720856463124504,0.0009154634730879224,0.001746161809778815,1.0,12.0,0.0700797012996338,8.968200289934402e-11,7.105574075871103e-10,3.0,57.0,0.06387724214840723,1.4493481115593977e-28,4.815575983568322e-28,7.0,191.0,0.04055746897607803,1.7781222729711845e-136,1.077332906564894e-135,26.0,469.0,0.3037162792277894,5.83190495472917e-166,2.7303918651686567e-165,457.0,4486.0
Domain:Repeat,1.263495319755247,3.531269653207741e-36,5.051677420561074e-36,5387.0,7281.0,1.4031084005508558,0.1474560654538453,0.2266861901753144,32.0,46.0,0.7036697714663817,0.13084547354101822,0.18718171909340106,25.0,118.0,3.2912813468965894,4.1421879245863075e-33,2.3702519790688316e-32,234.0,248.0,7.135455897711808,2.029078630886109e-14,6.96650329937564e-14,47.0,19.0,0.22850493718279888,1.201712925815775e-67,7.280966550530871e-67,121.0,834.0,3.087628161312372,3.507865998465041e-05,0.00012043673261396641,23.0,55.0,0.02243277135293298,7.144402408252829e-31,2.102495565857261e-30,3.0,84.0,3.1140900506557,5.381394807385874e-12,1.1793269471505212e-11,105.0,53.0,0.1815322171486555,0.011938090074338256,0.02157233820450597,2.0,15.0,0.9629475629475629,0.9251665941742169,1.0,38.0,130.0,0.3304546707081841,2.2563155458317084e-10,4.006905193459758e-10,46.0,95.0,2.6656551211602557,1.6134085047654888e-17,6.391579845801744e-17,186.0,136.0,0.5373084457529409,1.2026729195188298e-17,2.8808211793125453e-17,237.0,776.0,1.5846336124666145,2.9124791699593356e-05,7.31671596355638e-05,130.0,396.0,0.08006198347107438,8.21638790103731e-28,6.044913955763163e-27,10.0,192.0,5.7026476578411405,2.1272728167893522e-35,2.434545556992259e-34,280.0,49.0,0.0,0.04453498366894759,0.09759794293407663,0.0,6.0,1.8203365968089273,1.170888297633409e-13,2.8046859222381654e-13,327.0,329.0,4.5136904647749825,2.366735212964773e-268,2.708596965948574e-267,2777.0,573.0,0.7705192714250028,1.5840387953566504e-10,2.399352881201985e-10,764.0,3127.0
Domain:Domain,2.453948194753473,0.0,0.0,27942.0,23686.0,3.251829220413029,4.245034371442078e-47,4.3723854025853406e-46,413.0,303.0,4.520858925376022,4.260486371184713e-86,8.77660192464051e-85,458.0,460.0,1.474844825436818,6.217322164731769e-10,1.778844952687145e-09,917.0,2424.0,9.017800427420681,4.4097255855802896e-182,9.084034706295397e-181,604.0,275.0,4.189588479005657,1.896236706002223e-224,3.2552063453038165e-223,1682.0,924.0,3.609783883397554,8.647993049256464e-33,2.2268582101835394e-31,295.0,1175.0,0.7445326918404378,1.2915332515508506e-14,2.6605584981947523e-14,2792.0,2116.0,4.791808852903954,1.2293240341562983e-250,9.740028886007595e-250,1661.0,675.0,1.8354004514830085,7.435436020882316e-14,3.3297822180472983e-13,449.0,397.0,2.8602956063980565,8.864350045808632e-27,1.1412850683978615e-25,255.0,385.0,2.305777136675081,2.9661042785940023e-148,2.3500672361167865e-147,4187.0,1475.0,1.4876202855904885,9.500855569250465e-13,2.965418556463024e-12,743.0,1022.0,4.075472921056477,0.0,0.0,3970.0,3240.0,2.1409583382820645,7.425489079389035e-25,5.098835834513804e-24,382.0,1005.0,5.42825523899223,2.638413022090944e-68,4.529275687922787e-67,462.0,310.0,6.326507768020844,1.4101097159447068e-94,4.841376691410161e-93,832.0,241.0,1.4640625,0.01314743503983354,0.03472271305391935,96.0,96.0,2.8612507355648122,5.225743729156994e-169,8.970860068386173e-168,2236.0,1949.0,2.0051979957231074,2.9178138107744225e-54,1.0363269741716053e-53,1771.0,731.0,3.2828403950808416,0.0,0.0,3737.0,4483.0
Domain:Topological domain,1.2280622794458207,1.8756042209988888e-84,3.51249517750701e-84,19454.0,27857.0,,1.0,1.0,0.0,0.0,0.3037677661571467,0.3177962406375808,0.3850942680667155,1.0,11.0,1.1918898408971508,0.008388214951196788,0.015157651578478407,996.0,2909.0,0.0,0.33528135412476867,0.42114609115672164,0.0,5.0,7.691294571153229,4.738081780407021e-95,3.4858744527280225e-94,414.0,99.0,0.25876615696288524,4.988308238131304e-31,1.0275914970550487e-29,83.0,1459.0,0.1493898750239771,1.5398246941091685e-39,4.956310734163886e-39,46.0,190.0,0.09675222529158993,1.2154764732734712e-07,2.0865679457861255e-07,3.0,48.0,1.7916067146282975,1.772651652440311e-13,7.607630008389668e-13,482.0,440.0,1.5965467285574904,5.777132696047616e-07,1.9834822256430144e-06,250.0,596.0,0.4289783534625221,2.1268690174369313e-113,1.460450058640026e-112,1375.0,1966.0,2.120784073923087,2.3721640867164217e-08,5.644742587731714e-08,122.0,110.0,0.6809753284322839,1.035765813727366e-12,2.1336775762783738e-12,502.0,1291.0,3.3354954210562555,1.2468234949805134e-31,1.1674801816635716e-30,196.0,309.0,11.15357269818699,1.131409629372368e-70,2.3307038365070785e-69,251.0,58.0,7.389566853173838,4.159273684763086e-96,2.1420259476529894e-94,694.0,146.0,,1.0,1.0,0.0,0.0,0.995096121776552,0.9162581508142295,1.0,3926.0,6989.0,0.636851661987145,4.750015780676038e-59,1.8120430570727108e-58,6513.0,6037.0,2.6459175496526286,0.0,0.0,3600.0,5194.0
Domain:Transmembrane,2.630052762885614,0.0,0.0,6737.0,4535.0,,1.0,1.0,0.0,0.0,0.4179572271386431,0.6941495582628721,0.7771457010986503,1.0,8.0,0.476979537366548,0.005211143567475186,0.009584781918749003,15.0,96.0,0.0,1.0,1.0,0.0,1.0,5.260676049560929,9.751064990852945e-11,2.391332604899651e-10,52.0,17.0,0.6524050822495694,0.291875600180603,0.4928391281738051,9.0,97.0,0.4471490310888052,0.13310680947958253,0.16925927625181483,7.0,10.0,1.5547714022706351,1.0,1.0,1.0,1.0,1.6325581395348838,0.10503935787108645,0.15455791229602722,26.0,22.0,1.8681837698583084,0.0332364297084935,0.060058811578505795,19.0,34.0,0.6713394276629571,1.1313641699713832e-07,1.849690627096071e-07,366.0,370.0,2.8745437568966983,0.0006386521722232133,0.0010783798973605077,26.0,17.0,3.768195513893539,8.092389913915844e-30,2.4515181209803881e-29,209.0,103.0,2.8467850543393154,6.398039278068415e-06,1.6474951141026168e-05,35.0,58.0,17.07957957957958,9.06351817065884e-24,5.834639822361628e-23,70.0,8.0,0.7615777866880513,0.4719374174945914,0.6076194250242865,15.0,16.0,,1.0,1.0,0.0,0.0,0.8089083516798528,1.303773408672728e-05,2.441612019878018e-05,731.0,1554.0,2.8981685413747496,4.3781905408187615e-232,4.099578415493931e-231,4271.0,1464.0,4.522441234180843,1.1675228206739875e-179,6.012742526471036e-179,884.0,659.0
Domain:Intramembrane,15.372741038196088,4.590809226278457e-195,1.0507852229037357e-194,652.0,72.0,,1.0,1.0,0.0,0.0,,1.0,1.0,0.0,0.0,,1.0,1.0,0.0,0.0,,1.0,1.0,0.0,0.0,5.118040089086859,0.14600225584716173,0.18797790440322074,3.0,1.0,,1.0,1.0,0.0,0.0,,1.0,1.0,0.0,0.0,,1.0,1.0,0.0,0.0,,1.0,1.0,0.0,0.0,1.1005215742057848,1.0,1.0,1.0,3.0,1.2016613355963184,1.0,1.0,7.0,4.0,,1.0,1.0,0.0,0.0,,1.0,1.0,0.0,0.0,inf,9.168397743936875e-13,3.6320960293288393e-12,16.0,0.0,,1.0,1.0,0.0,0.0,,1.0,1.0,0.0,0.0,,1.0,1.0,0.0,0.0,15.162344090279152,2.0987564378897103e-06,4.0787153415592485e-06,17.0,2.0,8.282168278036679,1.6656970019085707e-83,8.57833955982914e-83,569.0,55.0,17.904132502796394,3.839336396387253e-18,6.70257031911673e-18,39.0,7.0
Domain:Signal peptide,0.7516121087868642,1.4234491251398805e-10,1.666082498743269e-10,718.0,1606.0,0.0,1.0,1.0,0.0,2.0,2.235033259423503,0.2523801812477685,0.3171442442229303,4.0,6.0,0.725258171570536,0.08844224249601143,0.14014693810906426,37.0,156.0,,1.0,1.0,0.0,0.0,,1.0,1.0,0.0,0.0,0.7704560588058649,0.33090390781878326,0.5325484766458544,21.0,191.0,0.42169802489937286,3.0821344920352687e-07,5.380675469146317e-07,58.0,87.0,0.0,1.0,1.0,0.0,1.0,0.9519782663701376,0.771029770877067,0.9024553000038398,85.0,122.0,0.823021582733813,0.7232695831247691,0.8662414774633862,9.0,36.0,0.5420226048100933,2.1225036919345263e-06,3.214968827489062e-06,108.0,136.0,1.1157234620560084,0.6583317202191832,0.7451446943140205,34.0,57.0,1.0051566690895697,1.0,1.0,87.0,157.0,1.4095967959333,0.4699120842231279,0.5563326974135883,7.0,23.0,1.037037037037037,1.0,1.0,7.0,12.0,0.3465972778222578,0.001036151801328149,0.0019404297370327153,13.0,30.0,,1.0,1.0,0.0,0.0,0.7230253203784385,0.014010452978976858,0.019768173381296116,81.0,198.0,0.23806505985277457,4.435844439895337e-09,7.490032414905242e-09,19.0,61.0,1.4377304904969015,0.0003637939400701319,0.0004460806646098046,148.0,331.0
Domain:Transit peptide,0.735422025148146,7.822708517050706e-05,8.481462918486555e-05,231.0,529.0,0.0,0.03430744084548319,0.05989265096753845,0.0,9.0,0.5962066779374472,0.405653388542512,0.46600641716664787,5.0,28.0,,1.0,1.0,0.0,0.0,,1.0,1.0,0.0,0.0,,1.0,1.0,0.0,0.0,0.0,1.0,1.0,0.0,2.0,,1.0,1.0,0.0,0.0,0.0,0.5235430269105043,0.6058981097953027,0.0,2.0,,1.0,1.0,0.0,0.0,1.46984126984127,0.5148561053922905,0.6887036214987782,4.0,9.0,0.4638806326792612,7.622902928514301e-14,1.6023653094632101e-13,160.0,234.0,0.0,1.0,1.0,0.0,1.0,0.42607506457985106,0.024161003699992342,0.02962599263213347,8.0,34.0,0.0,0.3649306192596482,0.44747444980647344,0.0,8.0,,1.0,1.0,0.0,0.0,0.6106036536934074,0.7075667743759522,0.8474346251246868,3.0,4.0,0.3144506001846722,3.2305249045095185e-05,0.00017281299706594337,14.0,60.0,,1.0,1.0,0.0,0.0,0.0,1.638077792063408e-10,2.859695128517475e-10,0.0,27.0,1.0685436567789508,0.6999785130818428,0.7068410475238216,37.0,111.0
Domain:Propeptide,0.5184404842244255,5.7245397873547254e-33,8.077090384897763e-33,395.0,1279.0,,1.0,1.0,0.0,0.0,,1.0,1.0,0.0,0.0,0.19511642656518982,1.464106245472681e-05,3.278324853993177e-05,5.0,78.0,,1.0,1.0,0.0,0.0,,1.0,1.0,0.0,0.0,0.0,0.16149270664794713,0.30243179608615556,0.0,20.0,0.1965850344014901,1.0369917338795425e-40,3.560338286319762e-40,76.0,237.0,1.036468722827477,1.0,1.0,2.0,3.0,0.270196264216269,3.7317752502513765e-22,2.2610167692699514e-21,59.0,267.0,0.0,0.364505205978481,0.5214449474414381,0.0,7.0,0.1937443160246166,1.7803369922656665e-13,3.667494204067273e-13,21.0,74.0,0.0,3.5536727530944824e-07,7.320565871374634e-07,0.0,36.0,0.41845961986313557,6.589005113279187e-14,1.3850357687097065e-13,80.0,341.0,0.8555195336804532,1.0,1.0,5.0,27.0,inf,7.435685721237068e-18,4.254864607152323e-17,38.0,0.0,0.4072164948453608,0.5909233349463838,0.7399194265438129,1.0,2.0,,1.0,1.0,0.0,0.0,0.0,0.05448090986294575,0.07287706124523911,0.0,7.0,0.6142161635832522,0.3455542804626477,0.38687055312665997,8.0,10.0,1.89173245055598,1.2636184236083362e-06,1.7829136661871046e-06,100.0,170.0
Domain:Peptide,2.0304738574282957,2.6962292476427552e-08,3.085684583413375e-08,136.0,113.0,,1.0,1.0,0.0,0.0,,1.0,1.0,0.0,0.0,,1.0,1.0,0.0,0.0,,1.0,1.0,0.0,0.0,0.0,1.0,1.0,0.0,1.0,0.0,0.606881867089351,0.8635017342770506,0.0,8.0,,1.0,1.0,0.0,0.0,,1.0,1.0,0.0,0.0,3.725089070221814,8.994356298846262e-10,2.895058433691141e-09,73.0,28.0,0.0,1.0,1.0,0.0,1.0,0.0,0.4070950520329607,0.43677906624369744,0.0,1.0,3.189104638619202,0.003717639986353782,0.0057151778894692475,17.0,10.0,4.2355920186366856,0.04072552997721675,0.04821528261670489,7.0,3.0,0.0,1.0,1.0,0.0,1.0,,1.0,1.0,0.0,0.0,7.476923076923077,5.442494191741794e-05,0.0001367260735974158,27.0,3.0,,1.0,1.0,0.0,0.0,,1.0,1.0,0.0,0.0,,1.0,1.0,0.0,0.0,0.6744751181078593,0.25766705589839217,0.26807784603570095,12.0,57.0
Domain:Chain,1.2745334768605998,2.4850736525281767e-17,3.0838865808482193e-17,85526.0,143370.0,0.3024159955567898,0.0022636593809427304,0.004758304413002065,1782.0,3601.0,1.052311587503852,0.9134926259643616,0.9904183207824132,1330.0,4447.0,1.9500224346805646,3.1086220183642715e-05,6.53445036513306e-05,1378.0,4139.0,0.0,0.0012298973806753638,0.0021841281070614223,1705.0,4816.0,0.0,0.0009407251835542497,0.0013842099129441105,4935.0,8427.0,1.6899666649394613,0.02473038632924271,0.05923790213748835,401.0,2757.0,3.8282700940354024,2.053169892274425e-40,6.821822545298896e-40,7049.0,4287.0,0.1927260165811291,0.008053824759670475,0.010773298055143621,6509.0,10132.0,1.4542712902424895,5.916970748769874e-05,0.0001385109061643857,1101.0,1405.0,0.8551107200469277,0.5653760128542198,0.7283896681880718,686.0,2273.0,1.8551550391356217,3.7191825445227113e-20,8.90873958339161e-20,14914.0,10010.0,0.99706952149527,1.0,1.0,2747.0,5132.0,1.6584954002666634,1.0161952945340985e-09,1.8362827252107394e-09,6400.0,11393.0,0.7419824448726183,0.3014305054370592,0.38330051925947034,1118.0,5190.0,0.500614202857987,0.00110831439218677,0.002481660486852985,685.0,1261.0,1.845524193548387,0.019730870422280285,0.032778704088626924,1237.0,992.0,1.4697593216111735,0.011914212984315175,0.032293787825906924,664.0,891.0,1.4153514250028387,0.008946122916279903,0.013163580862526145,4986.0,8807.0,5.2544833475661825,2.029529233989739e-17,4.266153287774349e-17,12306.0,9368.0,0.5895223001774254,3.3624225559037516e-15,5.677533168165352e-15,13593.0,44042.0
Modification:Acetylation,2.185574608758822,2.5350440597623967e-13,3.071876919476786e-13,202.0,156.0,0.8597662771285476,1.0,1.0,3.0,7.0,8.972572275759822,0.0006448878935940089,0.0013838219383371442,8.0,3.0,,1.0,1.0,0.0,0.0,2.82063305978898,0.218827860250994,0.29271778708899193,4.0,4.0,7.030649562812111,4.051504527794775e-11,1.0178169911289313e-10,45.0,11.0,,1.0,1.0,0.0,0.0,0.9593144768008918,1.0,1.0,3.0,2.0,1.9157075432640556,0.0873764917263302,0.11003991024416183,16.0,13.0,0.0,0.512075698160982,0.6354674326576042,0.0,2.0,1.1005215742057848,1.0,1.0,1.0,3.0,0.3322051342952715,0.00020667247952234078,0.00027645799208832596,16.0,33.0,2.8099425699928213,0.03125226272334219,0.043499771087895205,12.0,8.0,4.039850476142149,0.0003039342957470025,0.0004119109534465956,20.0,9.0,3.47396293027361,0.11199399326266384,0.16247015924020247,3.0,4.0,,1.0,1.0,0.0,0.0,7.094869706840391,8.00328319377286e-06,2.355251911310299e-05,34.0,4.0,1.404632152588556,1.0,1.0,2.0,2.0,0.0,0.5391990973015905,0.6457849653728351,0.0,2.0,1.344340770791075,0.7659749341616224,0.813354826996362,7.0,4.0,1.9962739656107442,0.005506173231082544,0.006444725486380705,28.0,45.0
Modification:Methylation,1.3262039366394949,0.0011711144924427164,0.001243554564140204,239.0,304.0,0.9259068690506818,1.0,1.0,6.0,13.0,4.848364951262971,1.316727654356001e-10,5.023072162913633e-10,41.0,29.0,0.0,0.5781092275220846,0.713405277982084,0.0,4.0,1.152958152958153,0.685866906789647,0.8120033494176281,9.0,22.0,3.207149640121764,4.301845725848985e-06,8.056183813862645e-06,43.0,23.0,0.0,1.0,1.0,0.0,4.0,0.0,0.1521407521661606,0.188801174374874,0.0,2.0,1.0573362042448478,0.8751163019819553,0.9589040330227808,17.0,25.0,,1.0,1.0,0.0,0.0,3.3076923076923075,0.23247148331796436,0.3684178437150696,2.0,2.0,1.1064079376493576,0.7687118713800414,0.8079318648177986,29.0,18.0,1.3084557506270154,0.6147487475464333,0.7035457888586958,7.0,10.0,0.8159498480243161,0.7006008226847698,0.7595987867003293,9.0,20.0,3.9785082174462705,0.01720596652151852,0.029052697569121436,6.0,7.0,,1.0,1.0,0.0,0.0,inf,1.0,1.0,1.0,0.0,2.8421052631578947,0.024756086074266267,0.05804583363321199,14.0,7.0,1.7783698440892046,1.0,1.0,1.0,1.0,2.882601282779898,0.06262341236031216,0.07771339124231509,15.0,4.0,1.1064775760565466,0.5681331386942503,0.5793832998565127,39.0,113.0
Modification:Phosphorylation,0.8463975250108491,3.4648377695950024e-07,3.92173945349764e-07,1413.0,2806.0,0.45135135135135135,0.0002888595641092226,0.0006761939796193165,24.0,105.0,1.2614036930690757,0.17743377285813133,0.24367571472516703,49.0,131.0,0.7041683528935654,0.47659671926055247,0.6060427417757643,8.0,35.0,0.4092512445900983,4.1843668808651716e-05,9.169995504874738e-05,21.0,142.0,1.8927179145229862,3.6464021070835136e-10,8.346209267324486e-10,211.0,194.0,1.5314217032967032,0.30051497218237344,0.4992426150771688,6.0,28.0,0.14092670075933675,1.3956495687288151e-10,2.6136710105285084e-10,10.0,45.0,1.0263485477178422,0.7957191029354416,0.9090535952939878,159.0,241.0,1.3756735950731331,0.3851762724228248,0.522015211309881,17.0,17.0,1.0475803889732096,0.8713724198379886,1.0,13.0,41.0,0.9719258843346434,0.8218844683938304,0.8530236279589689,194.0,137.0,0.7252873626163004,0.05129285542858282,0.06951531722557935,52.0,133.0,1.1901753172959872,0.08881589532565323,0.10278693503980092,166.0,254.0,0.6864210236925398,0.15377150198127398,0.21696526991878384,19.0,127.0,1.248753462603878,0.589600754307368,0.7497392307859125,14.0,20.0,2.041795918367347,0.023215807805176493,0.03795600323703458,37.0,15.0,0.7510121457489879,0.42180679162455303,0.6389132284901318,14.0,26.0,1.8596525968915496,0.00012947175490652255,0.00021861624189134138,82.0,79.0,0.7872911004669739,0.08795765159653449,0.1053446292377099,112.0,109.0,0.7044436523425629,3.7304089261013283e-06,5.055685781426801e-06,205.0,927.0
Modification:SUMOylation,2.3379990247683824,1.7164149842493912e-05,1.8807525891243328e-05,61.0,44.0,0.0,1.0,1.0,0.0,2.0,5.882592592592593,0.0045690341194719285,0.008556554805556522,7.0,4.0,,1.0,1.0,0.0,0.0,11.289566236811254,0.01858976193323266,0.02857829073317857,4.0,1.0,inf,1.1973038477784644e-07,2.3715826215611893e-07,16.0,0.0,,1.0,1.0,0.0,0.0,0.6394538868765672,0.6459422676646219,0.7392450396606228,2.0,2.0,1.7777387717489084,0.29506158475531913,0.3493257842505502,8.0,7.0,0.0,1.0,1.0,0.0,1.0,0.0,1.0,1.0,0.0,1.0,inf,0.08442506069723017,0.09995150864154836,5.0,0.0,0.0,0.5457507229091542,0.6613214642310926,0.0,2.0,1.4512984054669704,0.7294321446216665,0.7826199051669964,4.0,5.0,0.0,1.0,1.0,0.0,1.0,,1.0,1.0,0.0,0.0,,1.0,1.0,0.0,0.0,inf,0.4160542679479933,0.6389132284901318,1.0,0.0,,1.0,1.0,0.0,0.0,,1.0,1.0,0.0,0.0,2.4943432605127716,0.011995268112994886,0.013577061710312893,14.0,18.0
Modification:Ubiquitination,1.34068334053717,5.196345209131093e-06,5.7550920058118555e-06,444.0,559.0,0.8308890633953775,0.5377726290459803,0.6673563950811564,22.0,53.0,2.1580459770114944,0.0073499371449306525,0.013518634391568878,23.0,36.0,4.639731827805222,0.09782945986667778,0.1526732479737547,3.0,2.0,2.6765767539541905,0.005736174761692773,0.00937819048340247,17.0,18.0,3.5487745738053493,6.184093522275242e-10,1.3846992017268478e-09,68.0,33.0,1.0159484221241941,1.0,1.0,1.0,7.0,0.36510590858416947,0.12243697629774972,0.15763760698335277,4.0,7.0,3.8477102683178535,5.0622449438333e-09,9.480204167542363e-09,59.0,24.0,1.3713850837138508,1.0,1.0,2.0,2.0,1.6552217453505007,0.3610181356299039,0.5214449474414381,5.0,10.0,0.5870687719823393,0.004513549660784747,0.00596020019308755,54.0,63.0,5.186708860759493,2.4938567616046433e-07,5.351400967609964e-07,33.0,12.0,1.144979089328509,0.5416053357486338,0.5998424686248309,41.0,65.0,0.5536098852603707,0.4587808207729033,0.5545967276592317,3.0,25.0,,1.0,1.0,0.0,0.0,0.40674603174603174,0.41786943454403447,0.5518019456158404,2.0,4.0,1.0025580480125935,1.0,1.0,10.0,14.0,4.898556456397073,0.004871888008262913,0.00748961887837433,11.0,4.0,0.46692362537679044,0.029614748090822186,0.03812898816693357,14.0,23.0,1.4722841879714696,0.00805425527605484,0.009321216780153354,72.0,157.0
Modification:O-GalNAc/GlcNAc,0.21064658381535994,1.017677098143015e-06,1.1393558816166364e-06,8.0,64.0,,1.0,1.0,0.0,0.0,,1.0,1.0,0.0,0.0,0.4407530454042082,0.6885143668239158,0.8246160439867828,1.0,7.0,,1.0,1.0,0.0,0.0,,1.0,1.0,0.0,0.0,0.0,1.0,1.0,0.0,1.0,0.0,7.264549283924777e-07,1.2470809604070866e-06,0.0,15.0,inf,0.39143749249429566,0.45815979235127785,1.0,0.0,0.0,0.512075698160982,0.6354674326576042,0.0,2.0,,1.0,1.0,0.0,0.0,0.17159869494290375,0.1658314969515942,0.1836628407098301,1.0,4.0,0.0,0.5561685051582774,0.6661087910616578,0.0,3.0,0.0,0.3042921268502605,0.3406748811475743,0.0,4.0,0.0,1.0,1.0,0.0,2.0,,1.0,1.0,0.0,0.0,2.0425616547334924,0.4692534387998813,0.6076194250242865,5.0,2.0,,1.0,1.0,0.0,0.0,0.0,0.5575781075917707,0.6526198304767317,0.0,3.0,0.0,0.18870573445091737,0.218389782566792,0.0,2.0,0.0,0.011847950215589792,0.013559320802286095,0.0,19.0
Modification:Lipidation,3.612772997581355,0.0036727877423313984,0.0038601748720421838,15.0,7.0,,1.0,1.0,0.0,0.0,,1.0,1.0,0.0,0.0,,1.0,1.0,0.0,0.0,,1.0,1.0,0.0,0.0,,1.0,1.0,0.0,0.0,7.1258907363420425,0.2314000607503851,0.4109345906429253,1.0,1.0,,1.0,1.0,0.0,0.0,,1.0,1.0,0.0,0.0,inf,0.42179487179487185,0.5569855358316897,1.0,0.0,,1.0,1.0,0.0,0.0,1.602367430424092,0.7493911379156046,0.7957452289206935,7.0,3.0,5.609302325581395,0.12514838489368493,0.16316814739303226,3.0,1.0,0.0,1.0,1.0,0.0,1.0,,1.0,1.0,0.0,0.0,,1.0,1.0,0.0,0.0,,1.0,1.0,0.0,0.0,,1.0,1.0,0.0,0.0,,1.0,1.0,0.0,0.0,inf,1.0,1.0,1.0,0.0,6.4109471270955725,0.1427549372234014,0.15642296312776963,2.0,1.0
Modification:Glycosylation,0.9103164641655106,0.41650868352308035,0.4205921019889929,128.0,237.0,,1.0,1.0,0.0,0.0,,1.0,1.0,0.0,0.0,0.38470359915314045,0.1198123018983083,0.18153336164463124,3.0,24.0,,1.0,1.0,0.0,0.0,,1.0,1.0,0.0,0.0,0.645648887929173,1.0,1.0,1.0,11.0,0.1527850571508224,2.7971182977482046e-06,4.64682555916234e-06,6.0,25.0,1.5547714022706351,1.0,1.0,1.0,1.0,0.136425855513308,0.03049931344885322,0.04759741341260426,1.0,10.0,0.0,0.5792563163370426,0.7365851923792023,0.0,4.0,0.9154150885899612,0.8281782795718144,0.8530236279589689,12.0,9.0,1.869362920544023,0.4616417080953401,0.5728806739014463,4.0,4.0,1.2473871237458194,0.5534083926104492,0.6063943025412368,11.0,16.0,4.626431718061674,0.32406503543760956,0.4070573006106559,1.0,1.0,0.5918367346938775,1.0,1.0,1.0,3.0,2.796465863453815,0.050310090706464625,0.07734237825023667,17.0,5.0,,1.0,1.0,0.0,0.0,1.4252581413820493,0.14064918719454927,0.18108582851298222,32.0,40.0,1.097419474612457,0.8635603594727956,0.9076195614867137,20.0,14.0,0.8239379470049388,0.5318208252471077,0.547775450004521,18.0,70.0
Modification:Crosslinks,1.548421564161256,0.04197994036930205,0.04323933858038111,45.0,49.0,0.0,0.3086718112724949,0.42390928748089296,0.0,4.0,2.513663220088626,0.20323153293612575,0.2718551674340383,3.0,4.0,,1.0,1.0,0.0,0.0,2.821700879765396,0.14059461196752604,0.19308326710206908,5.0,5.0,inf,0.0068938991762328835,0.009343047567789304,5.0,0.0,,1.0,1.0,0.0,0.0,0.0,0.3900781515460415,0.4671866233632822,0.0,1.0,1.1308415129640748,0.8168282198975716,0.9090535952939878,8.0,11.0,0.0,1.0,1.0,0.0,1.0,,1.0,1.0,0.0,0.0,inf,0.15101400698879963,0.17092794197633365,4.0,0.0,0.0,0.5457507229091542,0.6613214642310926,0.0,2.0,1.0883085332523534,1.0,1.0,3.0,5.0,,1.0,1.0,0.0,0.0,,1.0,1.0,0.0,0.0,,1.0,1.0,0.0,0.0,,1.0,1.0,0.0,0.0,,1.0,1.0,0.0,0.0,,1.0,1.0,0.0,0.0,3.408336620526429,0.0006396628336764461,0.000775120845513811,17.0,16.0
Modification:Modified residue,1.6710397223040059,9.010741934522856e-17,1.1048885943522073e-16,532.0,538.0,0.15388891264377647,0.044653128051593764,0.07665453648856929,1.0,13.0,3.0257936507936507,0.00010462519425436628,0.0002628389026390177,25.0,28.0,0.0,1.0,1.0,0.0,3.0,0.4840732126605319,0.1697179841273358,0.23001253111994197,5.0,29.0,1.8835647202939976,0.00435935980822233,0.006067757570904054,44.0,40.0,4.758730158730159,0.11774116340972107,0.23321807367694752,2.0,3.0,0.07968793535803845,1.7392668668779207e-05,2.7991326138816535e-05,2.0,16.0,1.8799330258419158,0.0014298234872504013,0.002017422180640977,59.0,49.0,0.45652724968314323,0.6429062323632007,0.7611418613035594,1.0,3.0,1.3781592751549834,0.5657395481072403,0.7283896681880718,5.0,12.0,1.3957584892770685,0.12641331868848188,0.14467302027681814,67.0,33.0,2.157855855855856,0.015042710422342467,0.021519432965295474,23.0,20.0,5.160039783901083,2.542078112278264e-22,6.38619623328442e-22,115.0,41.0,2.459157576073908,0.03615117459999199,0.056417742178775376,9.0,17.0,5.367123287671233,0.029039505716579306,0.04985115148012781,6.0,2.0,3.2979066022544283,0.01397524829865272,0.023992215809156198,20.0,5.0,2.0188902007083827,0.21511282647581143,0.3755359513052301,10.0,7.0,4.753760886777514,0.0005516257046194864,0.0008877726183719859,16.0,6.0,0.7971806332635264,0.4094051457427177,0.4534272044247303,27.0,26.0,1.650280211693843,0.0001332902397811235,0.0001716111837181965,95.0,185.0
Inter:HB_inter,4.767859248559307,0.0,0.0,4062.0,1491.0,1.9279488669378269,4.592500983904753e-05,0.00011537258569321697,79.0,84.0,14.95103734439834,2.0430789808313052e-64,2.1043713502562444e-63,152.0,38.0,3.950535364198462,1.5377134832964562e-05,3.3698827399901063e-05,24.0,19.0,7.0891691934505765,3.3077973676014344e-18,1.310396649472876e-17,61.0,25.0,16.214627754488944,1.138271627846393e-112,1.0658361606198045e-111,363.0,41.0,2.210708927231808,1.1122626588155232e-05,4.243076068814774e-05,50.0,172.0,0.5270760095444528,0.03983323454103203,0.05328341763280907,19.0,23.0,3.753538146441372,6.221482733351417e-29,2.067137811403858e-28,219.0,93.0,10.697814422196048,7.834994163830775e-45,1.0087554985932122e-43,184.0,27.0,8.053313403089188,1.9590384862356314e-12,1.0620050741172109e-11,35.0,15.0,3.1215003933817727,5.834275901421595e-48,2.0031013928214142e-47,743.0,169.0,7.370148493144192,2.564825519550339e-57,1.8869787750977492e-56,241.0,66.0,4.532841785097976,7.37076075699784e-76,3.450856172594443e-75,463.0,196.0,7.557179423664437,2.1945890020650857e-13,9.418444467195993e-13,35.0,22.0,4.0357634112792296,0.018088729427967635,0.03387525692873939,9.0,4.0,6.042602885525071,1.851672819589548e-27,1.5893525034810288e-26,205.0,32.0,1.804579508283212,0.024796278445255608,0.05804583363321199,34.0,27.0,3.0121834490190484,2.0331460132996984e-23,6.345879980905119e-23,214.0,130.0,5.995745636190155,1.8685509448443203e-56,6.873598118534463e-56,454.0,60.0,6.361112905618483,4.730132474229044e-129,1.6800125684330744e-128,478.0,248.0
Inter:SB_inter,4.369185003180391,2.0509603475763565e-167,4.592367734790538e-167,1096.0,427.0,3.8733257661748013,6.945853161784334e-07,2.16794810807208e-06,38.0,20.0,18.868246687054025,3.122502872113165e-23,1.6927252411981896e-22,49.0,9.0,3.4898121899362153,0.010581675411575819,0.018791595989522576,9.0,8.0,5.676505312868949,3.679165756950902e-05,8.238132020998759e-05,16.0,8.0,12.435354166666666,2.8570727198347117e-41,1.2794716962738057e-40,142.0,20.0,1.4325242718446602,0.31883961531946126,0.5212774663159446,10.0,50.0,0.0638250452709291,0.0005760307023226779,0.0008725170932240562,1.0,10.0,2.8691822924737846,2.0560694383974246e-07,3.4157282605634637e-07,66.0,36.0,47.817472698907956,2.9155828966475537e-12,1.1550193782873001e-11,34.0,1.0,10.911722141823445,4.873936483436249e-06,1.52125896301192e-05,13.0,4.0,2.6199638348550405,2.021529037058677e-09,3.470291513617395e-09,163.0,43.0,7.4256679700228085,7.562251378409664e-18,3.1156475679047816e-17,70.0,18.0,2.791250805208624,7.651507218152149e-10,1.4073307919101273e-09,90.0,59.0,6.982253771073647,0.0003084625246881097,0.0006759923413377723,9.0,6.0,inf,0.04656463654757347,0.07735738007096883,3.0,0.0,8.573825503355705,6.2187447918355866e-12,2.6688779731627726e-11,70.0,7.0,0.8414733969986358,1.0,1.0,3.0,5.0,2.588512150609932,9.12012985064972e-05,0.00015921582620625783,42.0,29.0,5.912976920829681,3.6333108538456704e-14,6.930204036038964e-14,107.0,14.0,6.513826183056743,1.7650513686799902e-45,4.131824794864522e-45,161.0,80.0
Inter:DS_inter,inf,6.838058175920405e-18,8.589268196582948e-18,40.0,0.0,,1.0,1.0,0.0,0.0,,1.0,1.0,0.0,0.0,,1.0,1.0,0.0,0.0,,1.0,1.0,0.0,0.0,,1.0,1.0,0.0,0.0,,1.0,1.0,0.0,0.0,,1.0,1.0,0.0,0.0,,1.0,1.0,0.0,0.0,inf,9.519066698006441e-07,2.514009922806829e-06,16.0,0.0,,1.0,1.0,0.0,0.0,inf,0.27586597406486135,0.2990967929334813,3.0,0.0,,1.0,1.0,0.0,0.0,inf,1.4318919792041144e-06,2.201266774000355e-06,13.0,0.0,,1.0,1.0,0.0,0.0,,1.0,1.0,0.0,0.0,,1.0,1.0,0.0,0.0,,1.0,1.0,0.0,0.0,,1.0,1.0,0.0,0.0,inf,0.5085800618205651,0.5514078565001918,2.0,0.0,inf,0.0001807153310743526,0.0002242611939838352,6.0,0.0
Inter:NB_inter,5.250481644515359,0.0,0.0,6917.0,2373.0,1.4251931113080918,0.007633924963962306,0.014561005023854028,104.0,149.0,10.807797485176856,5.457267627708038e-70,9.368309427565465e-69,189.0,67.0,2.6065293419816045,2.1154800661908028e-05,4.539467642034431e-05,39.0,47.0,8.686396677050883,1.2330742787430392e-33,7.937915669408315e-33,105.0,36.0,18.40956724434985,6.998535500714529e-210,1.029784509390852e-208,652.0,69.0,2.115920725835065,5.864600206170378e-06,2.7456991874343133e-05,60.0,218.0,0.8593261834283811,0.5355952378985684,0.6316528933004432,39.0,29.0,5.177822525748552,5.421136975142236e-56,2.3265712851652096e-55,326.0,102.0,7.154882154882155,3.0883391931920035e-47,4.544270527125377e-46,238.0,54.0,4.931182795698925,2.675434220190558e-11,1.3122367841887023e-10,44.0,31.0,3.6258196918264547,4.514191197156547e-97,2.735068784159555e-96,1294.0,261.0,7.937891704707848,2.393604396902623e-84,2.7393472542330016e-83,345.0,91.0,5.526674454828661,2.3238990157150258e-153,1.9946799884887307e-152,811.0,296.0,6.590243902439024,6.951639228415321e-19,3.768520213298832e-18,56.0,41.0,3.6038781163434903,0.0050498022601923615,0.01019862025097673,14.0,7.0,8.046315250767655,3.458124118735067e-44,5.936446403828532e-43,285.0,36.0,1.5197757707879165,0.03250376802940971,0.07278017623976524,60.0,57.0,4.386436603610988,1.4744166736872038e-72,8.933230434693058e-72,461.0,201.0,5.856230861591544,6.636008790993286e-118,3.79727169706838e-117,976.0,137.0,6.21822509291119,1.6495834911310753e-215,9.439283310361153e-215,819.0,444.0
